Date;Policy interest rates
03.01.2007;13,30
04.01.2007;13,30
05.01.2007;13,30
08.01.2007;13,30
09.01.2007;13,30
10.01.2007;13,30
11.01.2007;13,30
12.01.2007;13,30
15.01.2007;13,30
16.01.2007;13,30
17.01.2007;13,30
18.01.2007;13,30
19.01.2007;13,30
22.01.2007;13,30
23.01.2007;13,30
24.01.2007;13,30
25.01.2007;13,30
26.01.2007;13,30
29.01.2007;13,30
30.01.2007;13,30
31.01.2007;13,30
01.02.2007;13,30
02.02.2007;13,30
05.02.2007;13,30
06.02.2007;13,30
07.02.2007;13,30
08.02.2007;13,30
09.02.2007;13,30
12.02.2007;13,30
13.02.2007;13,30
14.02.2007;13,30
15.02.2007;13,30
16.02.2007;13,30
19.02.2007;13,30
20.02.2007;13,30
21.02.2007;13,30
22.02.2007;13,30
23.02.2007;13,30
26.02.2007;13,30
27.02.2007;13,30
28.02.2007;13,30
01.03.2007;13,30
02.03.2007;13,30
05.03.2007;13,30
06.03.2007;13,30
07.03.2007;13,30
08.03.2007;13,30
09.03.2007;13,30
12.03.2007;13,30
13.03.2007;13,30
14.03.2007;13,30
15.03.2007;13,30
16.03.2007;13,30
19.03.2007;13,30
20.03.2007;13,30
21.03.2007;13,30
22.03.2007;13,30
23.03.2007;13,30
26.03.2007;13,30
27.03.2007;13,30
28.03.2007;13,30
29.03.2007;13,30
30.03.2007;13,30
02.04.2007;13,30
03.04.2007;13,30
04.04.2007;13,30
10.04.2007;13,30
11.04.2007;13,30
12.04.2007;13,30
13.04.2007;13,30
16.04.2007;13,30
17.04.2007;13,30
18.04.2007;13,30
20.04.2007;13,30
23.04.2007;13,30
24.04.2007;13,30
25.04.2007;13,30
26.04.2007;13,30
27.04.2007;13,30
30.04.2007;13,30
02.05.2007;13,30
03.05.2007;13,30
04.05.2007;13,30
07.05.2007;13,30
08.05.2007;13,30
09.05.2007;13,30
10.05.2007;13,30
11.05.2007;13,30
14.05.2007;13,30
15.05.2007;13,30
16.05.2007;13,30
18.05.2007;13,30
21.05.2007;13,30
22.05.2007;13,30
23.05.2007;13,30
24.05.2007;13,30
25.05.2007;13,30
29.05.2007;13,30
30.05.2007;13,30
31.05.2007;13,30
01.06.2007;13,30
04.06.2007;13,30
05.06.2007;13,30
06.06.2007;13,30
07.06.2007;13,30
08.06.2007;13,30
11.06.2007;13,30
12.06.2007;13,30
13.06.2007;13,30
14.06.2007;13,30
15.06.2007;13,30
18.06.2007;13,30
19.06.2007;13,30
20.06.2007;13,30
21.06.2007;13,30
22.06.2007;13,30
25.06.2007;13,30
26.06.2007;13,30
27.06.2007;13,30
28.06.2007;13,30
29.06.2007;13,30
02.07.2007;13,30
03.07.2007;13,30
04.07.2007;13,30
05.07.2007;13,30
06.07.2007;13,30
09.07.2007;13,30
10.07.2007;13,30
11.07.2007;13,30
12.07.2007;13,30
13.07.2007;13,30
16.07.2007;13,30
17.07.2007;13,30
18.07.2007;13,30
19.07.2007;13,30
20.07.2007;13,30
23.07.2007;13,30
24.07.2007;13,30
25.07.2007;13,30
26.07.2007;13,30
27.07.2007;13,30
30.07.2007;13,30
31.07.2007;13,30
01.08.2007;13,30
02.08.2007;13,30
03.08.2007;13,30
07.08.2007;13,30
08.08.2007;13,30
09.08.2007;13,30
10.08.2007;13,30
13.08.2007;13,30
14.08.2007;13,30
15.08.2007;13,30
16.08.2007;13,30
17.08.2007;13,30
20.08.2007;13,30
21.08.2007;13,30
22.08.2007;13,30
23.08.2007;13,30
24.08.2007;13,30
27.08.2007;13,30
28.08.2007;13,30
29.08.2007;13,30
30.08.2007;13,30
31.08.2007;13,30
03.09.2007;13,30
04.09.2007;13,30
05.09.2007;13,30
06.09.2007;13,30
07.09.2007;13,30
10.09.2007;13,30
11.09.2007;13,30
12.09.2007;13,30
13.09.2007;13,30
14.09.2007;13,30
17.09.2007;13,30
18.09.2007;13,30
19.09.2007;13,30
20.09.2007;13,30
21.09.2007;13,30
24.09.2007;13,30
25.09.2007;13,30
26.09.2007;13,30
27.09.2007;13,30
28.09.2007;13,30
01.10.2007;13,30
02.10.2007;13,30
03.10.2007;13,30
04.10.2007;13,30
05.10.2007;13,30
08.10.2007;13,30
09.10.2007;13,30
10.10.2007;13,30
11.10.2007;13,30
12.10.2007;13,30
15.10.2007;13,30
16.10.2007;13,30
17.10.2007;13,30
18.10.2007;13,30
19.10.2007;13,30
22.10.2007;13,30
23.10.2007;13,30
24.10.2007;13,30
25.10.2007;13,30
26.10.2007;13,30
29.10.2007;13,30
30.10.2007;13,30
31.10.2007;13,30
01.11.2007;13,75
02.11.2007;13,75
05.11.2007;13,75
06.11.2007;13,75
07.11.2007;13,75
08.11.2007;13,75
09.11.2007;13,75
12.11.2007;13,75
13.11.2007;13,75
14.11.2007;13,75
15.11.2007;13,75
16.11.2007;13,75
19.11.2007;13,75
20.11.2007;13,75
21.11.2007;13,75
22.11.2007;13,75
23.11.2007;13,75
26.11.2007;13,75
27.11.2007;13,75
28.11.2007;13,75
29.11.2007;13,75
30.11.2007;13,75
03.12.2007;13,75
04.12.2007;13,75
05.12.2007;13,75
06.12.2007;13,75
07.12.2007;13,75
10.12.2007;13,75
11.12.2007;13,75
12.12.2007;13,75
13.12.2007;13,75
14.12.2007;13,75
17.12.2007;13,75
18.12.2007;13,75
19.12.2007;13,75
20.12.2007;13,75
21.12.2007;13,75
27.12.2007;13,75
28.12.2007;13,75
31.12.2007;13,75
03.01.2008;13,75
04.01.2008;13,75
07.01.2008;13,75
08.01.2008;13,75
09.01.2008;13,75
10.01.2008;13,75
11.01.2008;13,75
14.01.2008;13,75
15.01.2008;13,75
16.01.2008;13,75
17.01.2008;13,75
18.01.2008;13,75
21.01.2008;13,75
22.01.2008;13,75
23.01.2008;13,75
24.01.2008;13,75
25.01.2008;13,75
28.01.2008;13,75
29.01.2008;13,75
30.01.2008;13,75
31.01.2008;13,75
01.02.2008;13,75
04.02.2008;13,75
05.02.2008;13,75
06.02.2008;13,75
07.02.2008;13,75
08.02.2008;13,75
11.02.2008;13,75
12.02.2008;13,75
13.02.2008;13,75
14.02.2008;13,75
15.02.2008;13,75
18.02.2008;13,75
19.02.2008;13,75
20.02.2008;13,75
21.02.2008;13,75
22.02.2008;13,75
25.02.2008;13,75
26.02.2008;13,75
27.02.2008;13,75
28.02.2008;13,75
29.02.2008;13,75
03.03.2008;13,75
04.03.2008;13,75
05.03.2008;13,75
06.03.2008;13,75
07.03.2008;13,75
10.03.2008;13,75
11.03.2008;13,75
12.03.2008;13,75
13.03.2008;13,75
14.03.2008;13,75
17.03.2008;13,75
18.03.2008;13,75
19.03.2008;13,75
25.03.2008;15,00
26.03.2008;15,00
27.03.2008;15,00
28.03.2008;15,00
31.03.2008;15,00
01.04.2008;15,00
02.04.2008;15,00
03.04.2008;15,00
04.04.2008;15,00
07.04.2008;15,00
08.04.2008;15,00
09.04.2008;15,00
10.04.2008;15,50
11.04.2008;15,50
14.04.2008;15,50
15.04.2008;15,50
16.04.2008;15,50
17.04.2008;15,50
18.04.2008;15,50
21.04.2008;15,50
22.04.2008;15,50
23.04.2008;15,50
25.04.2008;15,50
28.04.2008;15,50
29.04.2008;15,50
30.04.2008;15,50
02.05.2008;15,50
05.05.2008;15,50
06.05.2008;15,50
07.05.2008;15,50
08.05.2008;15,50
09.05.2008;15,50
13.05.2008;15,50
14.05.2008;15,50
15.05.2008;15,50
16.05.2008;15,50
19.05.2008;15,50
20.05.2008;15,50
21.05.2008;15,50
22.05.2008;15,50
23.05.2008;15,50
26.05.2008;15,50
27.05.2008;15,50
28.05.2008;15,50
29.05.2008;15,50
30.05.2008;15,50
02.06.2008;15,50
03.06.2008;15,50
04.06.2008;15,50
05.06.2008;15,50
06.06.2008;15,50
09.06.2008;15,50
10.06.2008;15,50
11.06.2008;15,50
12.06.2008;15,50
13.06.2008;15,50
16.06.2008;15,50
18.06.2008;15,50
19.06.2008;15,50
20.06.2008;15,50
23.06.2008;15,50
24.06.2008;15,50
25.06.2008;15,50
26.06.2008;15,50
27.06.2008;15,50
30.06.2008;15,50
01.07.2008;15,50
02.07.2008;15,50
03.07.2008;15,50
04.07.2008;15,50
07.07.2008;15,50
08.07.2008;15,50
09.07.2008;15,50
10.07.2008;15,50
11.07.2008;15,50
14.07.2008;15,50
15.07.2008;15,50
16.07.2008;15,50
17.07.2008;15,50
18.07.2008;15,50
21.07.2008;15,50
22.07.2008;15,50
23.07.2008;15,50
24.07.2008;15,50
25.07.2008;15,50
28.07.2008;15,50
29.07.2008;15,50
30.07.2008;15,50
31.07.2008;15,50
01.08.2008;15,50
05.08.2008;15,50
06.08.2008;15,50
07.08.2008;15,50
08.08.2008;15,50
11.08.2008;15,50
12.08.2008;15,50
13.08.2008;15,50
14.08.2008;15,50
15.08.2008;15,50
18.08.2008;15,50
19.08.2008;15,50
20.08.2008;15,50
21.08.2008;15,50
22.08.2008;15,50
25.08.2008;15,50
26.08.2008;15,50
27.08.2008;15,50
28.08.2008;15,50
29.08.2008;15,50
01.09.2008;15,50
02.09.2008;15,50
03.09.2008;15,50
04.09.2008;15,50
05.09.2008;15,50
08.09.2008;15,50
09.09.2008;15,50
10.09.2008;15,50
11.09.2008;15,50
12.09.2008;15,50
15.09.2008;15,50
16.09.2008;15,50
17.09.2008;15,50
18.09.2008;15,50
19.09.2008;15,50
22.09.2008;15,50
23.09.2008;15,50
24.09.2008;15,50
25.09.2008;15,50
26.09.2008;15,50
29.09.2008;15,50
30.09.2008;15,50
01.10.2008;15,50
02.10.2008;15,50
03.10.2008;15,50
06.10.2008;15,50
07.10.2008;15,50
08.10.2008;15,50
09.10.2008;15,50
10.10.2008;15,50
13.10.2008;15,50
14.10.2008;15,50
15.10.2008;12,00
16.10.2008;12,00
17.10.2008;12,00
20.10.2008;12,00
21.10.2008;12,00
22.10.2008;12,00
23.10.2008;12,00
24.10.2008;12,00
27.10.2008;12,00
28.10.2008;18,00
29.10.2008;18,00
30.10.2008;18,00
31.10.2008;18,00
03.11.2008;18,00
04.11.2008;18,00
05.11.2008;18,00
06.11.2008;18,00
07.11.2008;18,00
10.11.2008;18,00
11.11.2008;18,00
12.11.2008;18,00
13.11.2008;18,00
14.11.2008;18,00
17.11.2008;18,00
18.11.2008;18,00
19.11.2008;18,00
20.11.2008;18,00
21.11.2008;18,00
24.11.2008;18,00
25.11.2008;18,00
26.11.2008;18,00
27.11.2008;18,00
28.11.2008;18,00
01.12.2008;18,00
02.12.2008;18,00
03.12.2008;18,00
04.12.2008;18,00
05.12.2008;18,00
08.12.2008;18,00
09.12.2008;18,00
10.12.2008;18,00
11.12.2008;18,00
12.12.2008;18,00
15.12.2008;18,00
16.12.2008;18,00
17.12.2008;18,00
18.12.2008;18,00
19.12.2008;18,00
22.12.2008;18,00
23.12.2008;18,00
29.12.2008;18,00
30.12.2008;18,00
31.12.2008;18,00
02.01.2009;18,00
05.01.2009;18,00
06.01.2009;18,00
07.01.2009;18,00
08.01.2009;18,00
09.01.2009;18,00
12.01.2009;18,00
13.01.2009;18,00
14.01.2009;18,00
15.01.2009;18,00
16.01.2009;18,00
19.01.2009;18,00
20.01.2009;18,00
21.01.2009;18,00
22.01.2009;18,00
23.01.2009;18,00
26.01.2009;18,00
27.01.2009;18,00
28.01.2009;18,00
29.01.2009;18,00
30.01.2009;18,00
02.02.2009;18,00
03.02.2009;18,00
04.02.2009;18,00
05.02.2009;18,00
06.02.2009;18,00
09.02.2009;18,00
10.02.2009;18,00
11.02.2009;18,00
12.02.2009;18,00
13.02.2009;18,00
16.02.2009;18,00
17.02.2009;18,00
18.02.2009;18,00
19.02.2009;18,00
20.02.2009;18,00
23.02.2009;18,00
24.02.2009;18,00
25.02.2009;18,00
26.02.2009;18,00
27.02.2009;18,00
02.03.2009;18,00
03.03.2009;18,00
04.03.2009;18,00
05.03.2009;18,00
06.03.2009;18,00
09.03.2009;18,00
10.03.2009;18,00
11.03.2009;18,00
12.03.2009;18,00
13.03.2009;18,00
16.03.2009;18,00
17.03.2009;18,00
18.03.2009;18,00
19.03.2009;17,00
20.03.2009;17,00
23.03.2009;17,00
24.03.2009;17,00
25.03.2009;17,00
26.03.2009;17,00
27.03.2009;17,00
30.03.2009;17,00
31.03.2009;17,00
01.04.2009;14,00
02.04.2009;14,00
03.04.2009;14,00
06.04.2009;14,00
07.04.2009;14,00
08.04.2009;12,50
14.04.2009;12,50
15.04.2009;12,50
16.04.2009;12,50
17.04.2009;12,50
20.04.2009;12,50
21.04.2009;12,50
22.04.2009;12,50
24.04.2009;12,50
27.04.2009;12,50
28.04.2009;12,50
29.04.2009;12,50
30.04.2009;12,50
04.05.2009;12,50
05.05.2009;12,50
06.05.2009;12,50
07.05.2009;9,50
08.05.2009;9,50
11.05.2009;9,50
12.05.2009;9,50
13.05.2009;9,50
14.05.2009;9,50
15.05.2009;9,50
18.05.2009;9,50
19.05.2009;9,50
20.05.2009;9,50
22.05.2009;9,50
25.05.2009;9,50
26.05.2009;9,50
27.05.2009;9,50
28.05.2009;9,50
29.05.2009;9,50
02.06.2009;9,50
03.06.2009;9,50
04.06.2009;9,50
05.06.2009;9,50
08.06.2009;9,50
09.06.2009;9,50
10.06.2009;9,50
11.06.2009;9,50
12.06.2009;9,50
15.06.2009;9,50
16.06.2009;9,50
18.06.2009;9,50
19.06.2009;9,50
22.06.2009;9,50
23.06.2009;9,50
24.06.2009;9,50
25.06.2009;9,50
26.06.2009;9,50
29.06.2009;9,50
30.06.2009;9,50
01.07.2009;9,50
02.07.2009;9,50
03.07.2009;9,50
06.07.2009;9,50
07.07.2009;9,50
08.07.2009;9,50
09.07.2009;9,50
10.07.2009;9,50
13.07.2009;9,50
14.07.2009;9,50
15.07.2009;9,50
16.07.2009;9,50
17.07.2009;9,50
20.07.2009;9,50
21.07.2009;9,50
22.07.2009;9,50
23.07.2009;9,50
24.07.2009;9,50
27.07.2009;9,50
28.07.2009;9,50
29.07.2009;9,50
30.07.2009;9,50
31.07.2009;9,50
04.08.2009;9,50
05.08.2009;9,50
06.08.2009;9,50
07.08.2009;9,50
10.08.2009;9,50
11.08.2009;9,50
12.08.2009;9,50
13.08.2009;9,50
14.08.2009;9,50
17.08.2009;9,50
18.08.2009;9,50
19.08.2009;9,50
20.08.2009;9,50
21.08.2009;9,50
24.08.2009;9,50
25.08.2009;9,50
26.08.2009;9,50
27.08.2009;9,50
28.08.2009;9,50
31.08.2009;9,50
01.09.2009;9,50
02.09.2009;9,50
03.09.2009;9,50
04.09.2009;9,50
07.09.2009;9,50
08.09.2009;9,50
09.09.2009;9,50
10.09.2009;9,50
11.09.2009;9,50
14.09.2009;9,50
15.09.2009;9,50
16.09.2009;9,50
17.09.2009;9,50
18.09.2009;9,50
21.09.2009;9,50
22.09.2009;9,50
23.09.2009;9,50
24.09.2009;9,50
25.09.2009;9,50
28.09.2009;9,50
29.09.2009;9,50
30.09.2009;9,50
01.10.2009;9,75
02.10.2009;9,75
05.10.2009;9,75
06.10.2009;9,75
07.10.2009;9,75
08.10.2009;9,75
09.10.2009;9,75
12.10.2009;9,75
13.10.2009;9,75
14.10.2009;9,75
15.10.2009;9,75
16.10.2009;9,75
19.10.2009;9,75
20.10.2009;9,75
21.10.2009;9,75
22.10.2009;9,75
23.10.2009;9,75
26.10.2009;9,75
27.10.2009;9,75
28.10.2009;9,75
29.10.2009;9,75
30.10.2009;9,75
02.11.2009;9,75
03.11.2009;9,75
04.11.2009;9,75
05.11.2009;9,63
06.11.2009;9,63
09.11.2009;9,63
10.11.2009;9,63
11.11.2009;9,63
12.11.2009;9,63
13.11.2009;9,63
16.11.2009;9,63
17.11.2009;9,63
18.11.2009;9,63
19.11.2009;9,63
20.11.2009;9,63
23.11.2009;9,63
24.11.2009;9,63
25.11.2009;9,63
26.11.2009;9,63
27.11.2009;9,63
30.11.2009;9,63
01.12.2009;9,63
02.12.2009;9,63
03.12.2009;9,63
04.12.2009;9,63
07.12.2009;9,63
08.12.2009;9,63
09.12.2009;9,63
10.12.2009;9,13
11.12.2009;9,13
14.12.2009;9,13
15.12.2009;9,13
16.12.2009;9,13
17.12.2009;9,13
18.12.2009;9,13
21.12.2009;9,13
22.12.2009;9,13
23.12.2009;9,13
28.12.2009;9,13
29.12.2009;9,13
30.12.2009;9,13
31.12.2009;9,13
04.01.2010;9,13
05.01.2010;9,13
06.01.2010;9,13
07.01.2010;9,13
08.01.2010;9,13
11.01.2010;9,13
12.01.2010;9,13
13.01.2010;9,13
14.01.2010;9,13
15.01.2010;9,13
18.01.2010;9,13
19.01.2010;9,13
20.01.2010;9,13
21.01.2010;9,13
22.01.2010;9,13
25.01.2010;9,13
26.01.2010;9,13
27.01.2010;8,63
28.01.2010;8,63
29.01.2010;8,63
01.02.2010;8,63
02.02.2010;8,63
03.02.2010;8,63
04.02.2010;8,63
05.02.2010;8,63
08.02.2010;8,63
09.02.2010;8,63
10.02.2010;8,63
11.02.2010;8,63
12.02.2010;8,63
15.02.2010;8,63
16.02.2010;8,63
17.02.2010;8,63
18.02.2010;8,63
19.02.2010;8,63
22.02.2010;8,63
23.02.2010;8,63
24.02.2010;8,63
25.02.2010;8,63
26.02.2010;8,63
01.03.2010;8,63
02.03.2010;8,63
03.03.2010;8,63
04.03.2010;8,63
05.03.2010;8,63
08.03.2010;8,63
09.03.2010;8,63
10.03.2010;8,63
11.03.2010;8,63
12.03.2010;8,63
15.03.2010;8,63
16.03.2010;8,63
17.03.2010;8,13
18.03.2010;8,13
19.03.2010;8,13
22.03.2010;8,13
23.03.2010;8,13
24.03.2010;8,13
25.03.2010;8,13
26.03.2010;8,13
29.03.2010;8,13
30.03.2010;8,13
31.03.2010;8,13
06.04.2010;8,13
07.04.2010;8,13
08.04.2010;8,13
09.04.2010;8,13
12.04.2010;8,13
13.04.2010;8,13
14.04.2010;8,13
15.04.2010;8,13
16.04.2010;8,13
19.04.2010;8,13
20.04.2010;8,13
21.04.2010;8,13
23.04.2010;8,13
26.04.2010;8,13
27.04.2010;8,13
28.04.2010;8,13
29.04.2010;8,13
30.04.2010;8,13
03.05.2010;8,13
04.05.2010;8,13
05.05.2010;7,63
06.05.2010;7,63
07.05.2010;7,63
10.05.2010;7,63
11.05.2010;7,63
12.05.2010;7,63
14.05.2010;7,63
17.05.2010;7,63
18.05.2010;7,63
19.05.2010;7,63
20.05.2010;7,63
21.05.2010;7,63
25.05.2010;7,63
26.05.2010;7,63
27.05.2010;7,63
28.05.2010;7,63
31.05.2010;7,63
01.06.2010;7,63
02.06.2010;7,63
03.06.2010;7,63
04.06.2010;7,63
07.06.2010;7,63
08.06.2010;7,63
09.06.2010;7,63
10.06.2010;7,63
11.06.2010;7,63
14.06.2010;7,63
15.06.2010;7,63
16.06.2010;7,63
18.06.2010;7,63
21.06.2010;7,63
22.06.2010;7,63
23.06.2010;7,13
24.06.2010;7,13
25.06.2010;7,13
28.06.2010;7,13
29.06.2010;7,13
30.06.2010;7,13
01.07.2010;7,13
02.07.2010;7,13
05.07.2010;7,13
06.07.2010;7,13
07.07.2010;7,13
08.07.2010;7,13
09.07.2010;7,13
12.07.2010;7,13
13.07.2010;7,13
14.07.2010;7,13
15.07.2010;7,13
16.07.2010;7,13
19.07.2010;7,13
20.07.2010;7,13
21.07.2010;7,13
22.07.2010;7,13
23.07.2010;7,13
26.07.2010;7,13
27.07.2010;7,13
28.07.2010;7,13
29.07.2010;7,13
30.07.2010;7,13
03.08.2010;7,13
04.08.2010;7,13
05.08.2010;7,13
06.08.2010;7,13
09.08.2010;7,13
10.08.2010;7,13
11.08.2010;7,13
12.08.2010;7,13
13.08.2010;7,13
16.08.2010;7,13
17.08.2010;7,13
18.08.2010;6,63
19.08.2010;6,13
20.08.2010;6,13
23.08.2010;6,13
24.08.2010;6,13
25.08.2010;6,13
26.08.2010;6,13
27.08.2010;6,13
30.08.2010;6,13
31.08.2010;6,13
01.09.2010;6,13
02.09.2010;6,13
03.09.2010;6,13
06.09.2010;6,13
07.09.2010;6,13
08.09.2010;6,13
09.09.2010;6,13
10.09.2010;6,13
13.09.2010;6,13
14.09.2010;6,13
15.09.2010;6,13
16.09.2010;6,13
17.09.2010;6,13
20.09.2010;6,13
21.09.2010;6,13
22.09.2010;5,38
23.09.2010;5,38
24.09.2010;5,38
27.09.2010;5,38
28.09.2010;5,38
29.09.2010;5,38
30.09.2010;5,38
01.10.2010;5,38
04.10.2010;5,38
05.10.2010;5,38
06.10.2010;5,38
07.10.2010;5,38
08.10.2010;5,38
11.10.2010;5,38
12.10.2010;5,38
13.10.2010;5,38
14.10.2010;5,38
15.10.2010;5,38
18.10.2010;5,38
19.10.2010;5,38
20.10.2010;5,38
21.10.2010;5,38
22.10.2010;5,38
25.10.2010;5,38
26.10.2010;5,38
27.10.2010;5,38
28.10.2010;5,38
29.10.2010;5,38
01.11.2010;5,38
02.11.2010;5,38
03.11.2010;4,63
04.11.2010;4,63
05.11.2010;4,63
08.11.2010;4,63
09.11.2010;4,63
10.11.2010;4,63
11.11.2010;4,63
12.11.2010;4,63
15.11.2010;4,63
16.11.2010;4,63
17.11.2010;4,63
18.11.2010;4,63
19.11.2010;4,63
22.11.2010;4,63
23.11.2010;4,63
24.11.2010;4,63
25.11.2010;4,63
26.11.2010;4,63
29.11.2010;4,63
30.11.2010;4,63
01.12.2010;4,63
02.12.2010;4,63
03.12.2010;4,63
06.12.2010;4,63
07.12.2010;4,63
08.12.2010;3,88
09.12.2010;3,88
10.12.2010;3,88
13.12.2010;3,88
14.12.2010;3,88
15.12.2010;3,88
16.12.2010;3,88
17.12.2010;3,88
20.12.2010;3,88
21.12.2010;3,88
22.12.2010;3,88
23.12.2010;3,88
27.12.2010;3,88
28.12.2010;3,88
29.12.2010;3,88
30.12.2010;3,88
31.12.2010;3,88
03.01.2011;3,88
04.01.2011;3,88
05.01.2011;3,88
06.01.2011;3,88
07.01.2011;3,88
10.01.2011;3,88
11.01.2011;3,88
12.01.2011;3,88
13.01.2011;3,88
14.01.2011;3,88
17.01.2011;3,88
18.01.2011;3,88
19.01.2011;3,88
20.01.2011;3,88
21.01.2011;3,88
24.01.2011;3,88
25.01.2011;3,88
26.01.2011;3,88
27.01.2011;3,88
28.01.2011;3,88
31.01.2011;3,88
01.02.2011;3,88
02.02.2011;3,63
03.02.2011;3,63
04.02.2011;3,63
07.02.2011;3,63
08.02.2011;3,63
09.02.2011;3,63
10.02.2011;3,63
11.02.2011;3,63
14.02.2011;3,63
15.02.2011;3,63
16.02.2011;3,63
17.02.2011;3,63
18.02.2011;3,63
21.02.2011;3,63
22.02.2011;3,63
23.02.2011;3,63
24.02.2011;3,63
25.02.2011;3,63
28.02.2011;3,63
01.03.2011;3,63
02.03.2011;3,63
03.03.2011;3,63
04.03.2011;3,63
07.03.2011;3,63
08.03.2011;3,63
09.03.2011;3,63
10.03.2011;3,63
11.03.2011;3,63
14.03.2011;3,63
15.03.2011;3,63
16.03.2011;3,63
17.03.2011;3,63
18.03.2011;3,63
21.03.2011;3,63
22.03.2011;3,63
23.03.2011;3,63
24.03.2011;3,63
25.03.2011;3,63
28.03.2011;3,63
29.03.2011;3,63
30.03.2011;3,63
31.03.2011;3,63
01.04.2011;3,63
04.04.2011;3,63
05.04.2011;3,63
06.04.2011;3,63
07.04.2011;3,63
08.04.2011;3,63
11.04.2011;3,63
12.04.2011;3,63
13.04.2011;3,63
14.04.2011;3,63
15.04.2011;3,63
18.04.2011;3,63
19.04.2011;3,63
20.04.2011;3,63
26.04.2011;3,63
27.04.2011;3,63
28.04.2011;3,63
29.04.2011;3,63
02.05.2011;3,63
03.05.2011;3,63
04.05.2011;3,63
05.05.2011;3,63
06.05.2011;3,63
09.05.2011;3,63
10.05.2011;3,63
11.05.2011;3,63
12.05.2011;3,63
13.05.2011;3,63
16.05.2011;3,63
17.05.2011;3,63
18.05.2011;3,63
19.05.2011;3,63
20.05.2011;3,63
23.05.2011;3,63
24.05.2011;3,63
25.05.2011;3,63
26.05.2011;3,63
27.05.2011;3,63
30.05.2011;3,63
31.05.2011;3,63
01.06.2011;3,63
03.06.2011;3,63
06.06.2011;3,63
07.06.2011;3,63
08.06.2011;3,63
09.06.2011;3,63
10.06.2011;3,63
14.06.2011;3,63
15.06.2011;3,63
16.06.2011;3,63
20.06.2011;3,63
21.06.2011;3,63
22.06.2011;3,63
23.06.2011;3,63
24.06.2011;3,63
27.06.2011;3,63
28.06.2011;3,63
29.06.2011;3,63
30.06.2011;3,63
01.07.2011;3,63
04.07.2011;3,63
05.07.2011;3,63
06.07.2011;3,63
07.07.2011;3,63
08.07.2011;3,63
11.07.2011;3,63
12.07.2011;3,63
13.07.2011;3,63
14.07.2011;3,63
15.07.2011;3,63
18.07.2011;3,63
19.07.2011;3,63
20.07.2011;3,63
21.07.2011;3,63
22.07.2011;3,63
25.07.2011;3,63
26.07.2011;3,63
27.07.2011;3,63
28.07.2011;3,63
29.07.2011;3,63
02.08.2011;3,63
03.08.2011;3,63
04.08.2011;3,63
05.08.2011;3,63
08.08.2011;3,63
09.08.2011;3,63
10.08.2011;3,63
11.08.2011;3,63
12.08.2011;3,63
15.08.2011;3,63
16.08.2011;3,63
17.08.2011;3,88
18.08.2011;3,88
19.08.2011;3,88
22.08.2011;3,88
23.08.2011;3,88
24.08.2011;3,88
25.08.2011;3,88
26.08.2011;3,88
29.08.2011;3,88
30.08.2011;3,88
31.08.2011;3,88
01.09.2011;3,88
02.09.2011;3,88
05.09.2011;3,88
06.09.2011;3,88
07.09.2011;3,88
08.09.2011;3,88
09.09.2011;3,88
12.09.2011;3,88
13.09.2011;3,88
14.09.2011;3,88
15.09.2011;3,88
16.09.2011;3,88
19.09.2011;3,88
20.09.2011;3,88
21.09.2011;3,88
22.09.2011;3,88
23.09.2011;3,88
26.09.2011;3,88
27.09.2011;3,88
28.09.2011;3,88
29.09.2011;3,88
30.09.2011;3,88
03.10.2011;3,88
04.10.2011;3,88
05.10.2011;3,88
06.10.2011;3,88
07.10.2011;3,88
10.10.2011;3,88
11.10.2011;3,88
12.10.2011;3,88
13.10.2011;3,88
14.10.2011;3,88
17.10.2011;3,88
18.10.2011;3,88
19.10.2011;3,88
20.10.2011;3,88
21.10.2011;3,88
24.10.2011;3,88
25.10.2011;3,88
26.10.2011;3,88
27.10.2011;3,88
28.10.2011;3,88
31.10.2011;3,88
01.11.2011;3,88
02.11.2011;4,13
03.11.2011;4,13
04.11.2011;4,13
07.11.2011;4,13
08.11.2011;4,13
09.11.2011;4,13
10.11.2011;4,13
11.11.2011;4,13
14.11.2011;4,13
15.11.2011;4,13
16.11.2011;4,13
17.11.2011;4,13
18.11.2011;4,13
21.11.2011;4,13
22.11.2011;4,13
23.11.2011;4,13
24.11.2011;4,13
25.11.2011;4,13
28.11.2011;4,13
29.11.2011;4,13
30.11.2011;4,13
01.12.2011;4,13
02.12.2011;4,13
05.12.2011;4,13
06.12.2011;4,13
07.12.2011;4,13
08.12.2011;4,13
09.12.2011;4,13
12.12.2011;4,13
13.12.2011;4,13
14.12.2011;4,13
15.12.2011;4,13
16.12.2011;4,13
19.12.2011;4,13
20.12.2011;4,13
21.12.2011;4,13
22.12.2011;4,13
23.12.2011;4,13
27.12.2011;4,13
28.12.2011;4,13
29.12.2011;4,13
30.12.2011;4,13
02.01.2012;4,13
03.01.2012;4,13
04.01.2012;4,13
05.01.2012;4,13
06.01.2012;4,13
09.01.2012;4,13
10.01.2012;4,13
11.01.2012;4,13
12.01.2012;4,13
13.01.2012;4,13
16.01.2012;4,13
17.01.2012;4,13
18.01.2012;4,13
19.01.2012;4,13
20.01.2012;4,13
23.01.2012;4,13
24.01.2012;4,13
25.01.2012;4,13
26.01.2012;4,13
27.01.2012;4,13
30.01.2012;4,13
31.01.2012;4,13
01.02.2012;4,13
02.02.2012;4,13
03.02.2012;4,13
06.02.2012;4,13
07.02.2012;4,13
08.02.2012;4,13
09.02.2012;4,13
10.02.2012;4,13
13.02.2012;4,13
14.02.2012;4,13
15.02.2012;4,13
16.02.2012;4,13
17.02.2012;4,13
20.02.2012;4,13
21.02.2012;4,13
22.02.2012;4,13
23.02.2012;4,13
24.02.2012;4,13
27.02.2012;4,13
28.02.2012;4,13
29.02.2012;4,13
01.03.2012;4,13
02.03.2012;4,13
05.03.2012;4,13
06.03.2012;4,13
07.03.2012;4,13
08.03.2012;4,13
09.03.2012;4,13
12.03.2012;4,13
13.03.2012;4,13
14.03.2012;4,13
15.03.2012;4,13
16.03.2012;4,13
19.03.2012;4,13
20.03.2012;4,13
21.03.2012;4,38
22.03.2012;4,38
23.03.2012;4,38
26.03.2012;4,38
27.03.2012;4,38
28.03.2012;4,38
29.03.2012;4,38
30.03.2012;4,38
02.04.2012;4,38
03.04.2012;4,38
04.04.2012;4,38
10.04.2012;4,38
11.04.2012;4,38
12.04.2012;4,38
13.04.2012;4,38
16.04.2012;4,38
17.04.2012;4,38
18.04.2012;4,38
20.04.2012;4,38
23.04.2012;4,38
24.04.2012;4,38
25.04.2012;4,38
26.04.2012;4,38
27.04.2012;4,38
30.04.2012;4,38
02.05.2012;4,38
03.05.2012;4,38
04.05.2012;4,38
07.05.2012;4,38
08.05.2012;4,38
09.05.2012;4,38
10.05.2012;4,38
11.05.2012;4,38
14.05.2012;4,38
15.05.2012;4,38
16.05.2012;4,88
18.05.2012;4,88
21.05.2012;4,88
22.05.2012;4,88
23.05.2012;4,88
24.05.2012;4,88
25.05.2012;4,88
29.05.2012;4,88
30.05.2012;4,88
31.05.2012;4,88
01.06.2012;4,88
04.06.2012;4,88
05.06.2012;4,88
06.06.2012;4,88
07.06.2012;4,88
08.06.2012;4,88
11.06.2012;4,88
12.06.2012;4,88
13.06.2012;5,13
14.06.2012;5,13
15.06.2012;5,13
18.06.2012;5,13
19.06.2012;5,13
20.06.2012;5,13
21.06.2012;5,13
22.06.2012;5,13
25.06.2012;5,13
26.06.2012;5,13
27.06.2012;5,13
28.06.2012;5,13
29.06.2012;5,13
02.07.2012;5,13
03.07.2012;5,13
04.07.2012;5,13
05.07.2012;5,13
06.07.2012;5,13
09.07.2012;5,13
10.07.2012;5,13
11.07.2012;5,13
12.07.2012;5,13
13.07.2012;5,13
16.07.2012;5,13
17.07.2012;5,13
18.07.2012;5,13
19.07.2012;5,13
20.07.2012;5,13
23.07.2012;5,13
24.07.2012;5,13
25.07.2012;5,13
26.07.2012;5,13
27.07.2012;5,13
30.07.2012;5,13
31.07.2012;5,13
01.08.2012;5,13
02.08.2012;5,13
03.08.2012;5,13
07.08.2012;5,13
08.08.2012;5,13
09.08.2012;5,13
10.08.2012;5,13
13.08.2012;5,13
14.08.2012;5,13
15.08.2012;5,13
16.08.2012;5,13
17.08.2012;5,13
20.08.2012;5,13
21.08.2012;5,13
22.08.2012;5,13
23.08.2012;5,13
24.08.2012;5,13
27.08.2012;5,13
28.08.2012;5,13
29.08.2012;5,13
30.08.2012;5,13
31.08.2012;5,13
03.09.2012;5,13
04.09.2012;5,13
05.09.2012;5,13
06.09.2012;5,13
07.09.2012;5,13
10.09.2012;5,13
11.09.2012;5,13
12.09.2012;5,13
13.09.2012;5,13
14.09.2012;5,13
17.09.2012;5,13
18.09.2012;5,13
19.09.2012;5,13
20.09.2012;5,13
21.09.2012;5,13
24.09.2012;5,13
25.09.2012;5,13
26.09.2012;5,13
27.09.2012;5,13
28.09.2012;5,13
01.10.2012;5,13
02.10.2012;5,13
03.10.2012;5,13
04.10.2012;5,13
05.10.2012;5,13
08.10.2012;5,13
09.10.2012;5,13
10.10.2012;5,13
11.10.2012;5,13
12.10.2012;5,13
15.10.2012;5,13
16.10.2012;5,13
17.10.2012;5,13
18.10.2012;5,13
19.10.2012;5,13
22.10.2012;5,13
23.10.2012;5,13
24.10.2012;5,13
25.10.2012;5,13
26.10.2012;5,13
29.10.2012;5,13
30.10.2012;5,13
31.10.2012;5,13
01.11.2012;5,13
02.11.2012;5,13
05.11.2012;5,13
06.11.2012;5,13
07.11.2012;5,13
08.11.2012;5,13
09.11.2012;5,13
12.11.2012;5,13
13.11.2012;5,13
14.11.2012;5,38
15.11.2012;5,38
16.11.2012;5,38
19.11.2012;5,38
20.11.2012;5,38
21.11.2012;5,38
22.11.2012;5,38
23.11.2012;5,38
26.11.2012;5,38
27.11.2012;5,38
28.11.2012;5,38
29.11.2012;5,38
30.11.2012;5,38
03.12.2012;5,38
04.12.2012;5,38
05.12.2012;5,38
06.12.2012;5,38
07.12.2012;5,38
10.12.2012;5,38
11.12.2012;5,38
12.12.2012;5,38
13.12.2012;5,38
14.12.2012;5,38
17.12.2012;5,38
18.12.2012;5,38
19.12.2012;5,38
20.12.2012;5,38
21.12.2012;5,38
27.12.2012;5,38
28.12.2012;5,38
31.12.2012;5,38
02.01.2013;5,38
03.01.2013;5,38
04.01.2013;5,38
07.01.2013;5,38
08.01.2013;5,38
09.01.2013;5,38
10.01.2013;5,38
11.01.2013;5,38
14.01.2013;5,38
15.01.2013;5,38
16.01.2013;5,38
17.01.2013;5,38
18.01.2013;5,38
21.01.2013;5,38
22.01.2013;5,38
23.01.2013;5,38
24.01.2013;5,38
25.01.2013;5,38
28.01.2013;5,38
29.01.2013;5,38
30.01.2013;5,38
31.01.2013;5,38
01.02.2013;5,38
04.02.2013;5,38
05.02.2013;5,38
06.02.2013;5,38
07.02.2013;5,38
08.02.2013;5,38
11.02.2013;5,38
12.02.2013;5,38
13.02.2013;5,38
14.02.2013;5,38
15.02.2013;5,38
18.02.2013;5,38
19.02.2013;5,38
20.02.2013;5,38
21.02.2013;5,38
22.02.2013;5,38
25.02.2013;5,38
26.02.2013;5,38
27.02.2013;5,38
28.02.2013;5,38
01.03.2013;5,38
04.03.2013;5,38
05.03.2013;5,38
06.03.2013;5,38
07.03.2013;5,38
08.03.2013;5,38
11.03.2013;5,38
12.03.2013;5,38
13.03.2013;5,38
14.03.2013;5,38
15.03.2013;5,38
18.03.2013;5,38
19.03.2013;5,38
20.03.2013;5,38
21.03.2013;5,38
22.03.2013;5,38
25.03.2013;5,38
26.03.2013;5,38
27.03.2013;5,38
02.04.2013;5,38
03.04.2013;5,38
04.04.2013;5,38
05.04.2013;5,38
08.04.2013;5,38
09.04.2013;5,38
10.04.2013;5,38
11.04.2013;5,38
12.04.2013;5,38
15.04.2013;5,38
16.04.2013;5,38
17.04.2013;5,38
18.04.2013;5,38
19.04.2013;5,38
22.04.2013;5,38
23.04.2013;5,38
24.04.2013;5,38
26.04.2013;5,38
29.04.2013;5,38
30.04.2013;5,38
02.05.2013;5,38
03.05.2013;5,38
06.05.2013;5,38
07.05.2013;5,38
08.05.2013;5,38
10.05.2013;5,38
13.05.2013;5,38
14.05.2013;5,38
15.05.2013;5,38
16.05.2013;5,38
17.05.2013;5,38
21.05.2013;5,38
22.05.2013;5,38
23.05.2013;5,38
24.05.2013;5,38
27.05.2013;5,38
28.05.2013;5,38
29.05.2013;5,38
30.05.2013;5,38
31.05.2013;5,38
03.06.2013;5,38
04.06.2013;5,38
05.06.2013;5,38
06.06.2013;5,38
07.06.2013;5,38
10.06.2013;5,38
11.06.2013;5,38
12.06.2013;5,38
13.06.2013;5,38
14.06.2013;5,38
18.06.2013;5,38
19.06.2013;5,38
20.06.2013;5,38
21.06.2013;5,38
24.06.2013;5,38
25.06.2013;5,38
26.06.2013;5,38
27.06.2013;5,38
28.06.2013;5,38
01.07.2013;5,38
02.07.2013;5,38
03.07.2013;5,38
04.07.2013;5,38
05.07.2013;5,38
08.07.2013;5,38
09.07.2013;5,38
10.07.2013;5,38
11.07.2013;5,38
12.07.2013;5,38
15.07.2013;5,38
16.07.2013;5,38
17.07.2013;5,38
18.07.2013;5,38
19.07.2013;5,38
22.07.2013;5,38
23.07.2013;5,38
24.07.2013;5,38
25.07.2013;5,38
26.07.2013;5,38
29.07.2013;5,38
30.07.2013;5,38
31.07.2013;5,38
01.08.2013;5,38
02.08.2013;5,38
06.08.2013;5,38
07.08.2013;5,38
08.08.2013;5,38
09.08.2013;5,38
12.08.2013;5,38
13.08.2013;5,38
14.08.2013;5,38
15.08.2013;5,38
16.08.2013;5,38
19.08.2013;5,38
20.08.2013;5,38
21.08.2013;5,38
22.08.2013;5,38
23.08.2013;5,38
26.08.2013;5,38
27.08.2013;5,38
28.08.2013;5,38
29.08.2013;5,38
30.08.2013;5,38
02.09.2013;5,38
03.09.2013;5,38
04.09.2013;5,38
05.09.2013;5,38
06.09.2013;5,38
09.09.2013;5,38
10.09.2013;5,38
11.09.2013;5,38
12.09.2013;5,38
13.09.2013;5,38
16.09.2013;5,38
17.09.2013;5,38
18.09.2013;5,38
19.09.2013;5,38
20.09.2013;5,38
23.09.2013;5,38
24.09.2013;5,38
25.09.2013;5,38
26.09.2013;5,38
27.09.2013;5,38
30.09.2013;5,38
01.10.2013;5,38
02.10.2013;5,38
03.10.2013;5,38
04.10.2013;5,38
07.10.2013;5,38
08.10.2013;5,38
09.10.2013;5,38
10.10.2013;5,38
11.10.2013;5,38
14.10.2013;5,38
15.10.2013;5,38
16.10.2013;5,38
17.10.2013;5,38
18.10.2013;5,38
21.10.2013;5,38
22.10.2013;5,38
23.10.2013;5,38
24.10.2013;5,38
25.10.2013;5,38
28.10.2013;5,38
29.10.2013;5,38
30.10.2013;5,38
31.10.2013;5,38
01.11.2013;5,38
04.11.2013;5,38
05.11.2013;5,38
06.11.2013;5,38
07.11.2013;5,38
08.11.2013;5,38
11.11.2013;5,38
12.11.2013;5,38
13.11.2013;5,38
14.11.2013;5,38
15.11.2013;5,38
18.11.2013;5,38
19.11.2013;5,38
20.11.2013;5,38
21.11.2013;5,38
22.11.2013;5,38
25.11.2013;5,38
26.11.2013;5,38
27.11.2013;5,38
28.11.2013;5,38
29.11.2013;5,38
02.12.2013;5,38
03.12.2013;5,38
04.12.2013;5,38
05.12.2013;5,38
06.12.2013;5,38
09.12.2013;5,38
10.12.2013;5,38
11.12.2013;5,38
12.12.2013;5,38
13.12.2013;5,38
16.12.2013;5,38
17.12.2013;5,38
18.12.2013;5,38
19.12.2013;5,38
20.12.2013;5,38
23.12.2013;5,38
24.12.2013;5,38
27.12.2013;5,38
30.12.2013;5,38
31.12.2013;5,38
02.01.2014;5,38
03.01.2014;5,38
06.01.2014;5,38
07.01.2014;5,38
08.01.2014;5,38
09.01.2014;5,38
10.01.2014;5,38
13.01.2014;5,38
14.01.2014;5,38
15.01.2014;5,38
16.01.2014;5,38
17.01.2014;5,38
20.01.2014;5,38
21.01.2014;5,38
22.01.2014;5,38
23.01.2014;5,38
24.01.2014;5,38
27.01.2014;5,38
28.01.2014;5,38
29.01.2014;5,38
30.01.2014;5,38
31.01.2014;5,38
03.02.2014;5,38
04.02.2014;5,38
05.02.2014;5,38
06.02.2014;5,38
07.02.2014;5,38
10.02.2014;5,38
11.02.2014;5,38
12.02.2014;5,38
13.02.2014;5,38
14.02.2014;5,38
17.02.2014;5,38
18.02.2014;5,38
19.02.2014;5,38
20.02.2014;5,38
21.02.2014;5,38
24.02.2014;5,38
25.02.2014;5,38
26.02.2014;5,38
27.02.2014;5,38
28.02.2014;5,38
03.03.2014;5,38
04.03.2014;5,38
05.03.2014;5,38
06.03.2014;5,38
07.03.2014;5,38
10.03.2014;5,38
11.03.2014;5,38
12.03.2014;5,38
13.03.2014;5,38
14.03.2014;5,38
17.03.2014;5,38
18.03.2014;5,38
19.03.2014;5,38
20.03.2014;5,38
21.03.2014;5,38
24.03.2014;5,38
25.03.2014;5,38
26.03.2014;5,38
27.03.2014;5,38
28.03.2014;5,38
31.03.2014;5,38
01.04.2014;5,38
02.04.2014;5,38
03.04.2014;5,38
04.04.2014;5,38
07.04.2014;5,38
08.04.2014;5,38
09.04.2014;5,38
10.04.2014;5,38
11.04.2014;5,38
14.04.2014;5,38
15.04.2014;5,38
16.04.2014;5,38
22.04.2014;5,38
23.04.2014;5,38
25.04.2014;5,38
28.04.2014;5,38
29.04.2014;5,38
30.04.2014;5,38
02.05.2014;5,38
05.05.2014;5,38
06.05.2014;5,38
07.05.2014;5,38
08.05.2014;5,38
09.05.2014;5,38
12.05.2014;5,38
13.05.2014;5,38
14.05.2014;5,38
15.05.2014;5,38
16.05.2014;5,38
19.05.2014;5,38
20.05.2014;5,38
21.05.2014;5,25
22.05.2014;5,25
23.05.2014;5,25
26.05.2014;5,25
27.05.2014;5,25
28.05.2014;5,25
30.05.2014;5,25
02.06.2014;5,25
03.06.2014;5,25
04.06.2014;5,25
05.06.2014;5,25
06.06.2014;5,25
10.06.2014;5,25
11.06.2014;5,25
12.06.2014;5,25
13.06.2014;5,25
16.06.2014;5,25
18.06.2014;5,25
19.06.2014;5,25
20.06.2014;5,25
23.06.2014;5,25
24.06.2014;5,25
25.06.2014;5,25
26.06.2014;5,25
27.06.2014;5,25
30.06.2014;5,25
01.07.2014;5,25
02.07.2014;5,25
03.07.2014;5,25
04.07.2014;5,25
07.07.2014;5,25
08.07.2014;5,25
09.07.2014;5,25
10.07.2014;5,25
11.07.2014;5,25
14.07.2014;5,25
15.07.2014;5,25
16.07.2014;5,25
17.07.2014;5,25
18.07.2014;5,25
21.07.2014;5,25
22.07.2014;5,25
23.07.2014;5,25
24.07.2014;5,25
25.07.2014;5,25
28.07.2014;5,25
29.07.2014;5,25
30.07.2014;5,25
31.07.2014;5,25
01.08.2014;5,25
05.08.2014;5,25
06.08.2014;5,25
07.08.2014;5,25
08.08.2014;5,25
11.08.2014;5,25
12.08.2014;5,25
13.08.2014;5,25
14.08.2014;5,25
15.08.2014;5,25
18.08.2014;5,25
19.08.2014;5,25
20.08.2014;5,25
21.08.2014;5,25
22.08.2014;5,25
25.08.2014;5,25
26.08.2014;5,25
27.08.2014;5,25
28.08.2014;5,25
29.08.2014;5,25
01.09.2014;5,25
02.09.2014;5,25
03.09.2014;5,25
04.09.2014;5,25
05.09.2014;5,25
08.09.2014;5,25
09.09.2014;5,25
10.09.2014;5,25
11.09.2014;5,25
12.09.2014;5,25
15.09.2014;5,25
16.09.2014;5,25
17.09.2014;5,25
18.09.2014;5,25
19.09.2014;5,25
22.09.2014;5,25
23.09.2014;5,25
24.09.2014;5,25
25.09.2014;5,25
26.09.2014;5,25
29.09.2014;5,25
30.09.2014;5,25
01.10.2014;5,25
02.10.2014;5,25
03.10.2014;5,25
06.10.2014;5,25
07.10.2014;5,25
08.10.2014;5,25
09.10.2014;5,25
10.10.2014;5,25
13.10.2014;5,25
14.10.2014;5,25
15.10.2014;5,25
16.10.2014;5,25
17.10.2014;5,25
20.10.2014;5,25
21.10.2014;5,25
22.10.2014;5,25
23.10.2014;5,25
24.10.2014;5,25
27.10.2014;5,25
28.10.2014;5,25
29.10.2014;5,25
30.10.2014;5,25
31.10.2014;5,25
03.11.2014;5,25
04.11.2014;5,25
05.11.2014;5,00
06.11.2014;5,00
07.11.2014;5,00
10.11.2014;5,00
11.11.2014;5,00
12.11.2014;5,00
13.11.2014;5,00
14.11.2014;5,00
17.11.2014;5,00
18.11.2014;5,00
19.11.2014;5,00
20.11.2014;5,00
21.11.2014;5,00
24.11.2014;5,00
25.11.2014;5,00
26.11.2014;5,00
27.11.2014;5,00
28.11.2014;5,00
01.12.2014;5,00
02.12.2014;5,00
03.12.2014;5,00
04.12.2014;5,00
05.12.2014;5,00
08.12.2014;5,00
09.12.2014;5,00
10.12.2014;4,50
11.12.2014;4,50
12.12.2014;4,50
15.12.2014;4,50
16.12.2014;4,50
17.12.2014;4,50
18.12.2014;4,50
19.12.2014;4,50
22.12.2014;4,50
23.12.2014;4,50
29.12.2014;4,50
30.12.2014;4,50
31.12.2014;4,50
01.01.2015;4,50
05.01.2015;4,50
06.01.2015;4,50
07.01.2015;4,50
08.01.2015;4,50
09.01.2015;4,50
12.01.2015;4,50
13.01.2015;4,50
14.01.2015;4,50
15.01.2015;4,50
16.01.2015;4,50
19.01.2015;4,50
20.01.2015;4,50
21.01.2015;4,50
22.01.2015;4,50
23.01.2015;4,50
26.01.2015;4,50
27.01.2015;4,50
28.01.2015;4,50
29.01.2015;4,50
30.01.2015;4,50
02.02.2015;4,50
03.02.2015;4,50
04.02.2015;4,50
05.02.2015;4,50
06.02.2015;4,50
09.02.2015;4,50
10.02.2015;4,50
11.02.2015;4,50
12.02.2015;4,50
13.02.2015;4,50
16.02.2015;4,50
17.02.2015;4,50
18.02.2015;4,50
19.02.2015;4,50
20.02.2015;4,50
23.02.2015;4,50
24.02.2015;4,50
25.02.2015;4,50
26.02.2015;4,50
27.02.2015;4,50
02.03.2015;4,50
03.03.2015;4,50
04.03.2015;4,50
05.03.2015;4,50
06.03.2015;4,50
09.03.2015;4,50
10.03.2015;4,50
11.03.2015;4,50
12.03.2015;4,50
13.03.2015;4,50
16.03.2015;4,50
17.03.2015;4,50
18.03.2015;4,50
19.03.2015;4,50
20.03.2015;4,50
23.03.2015;4,50
24.03.2015;4,50
25.03.2015;4,50
26.03.2015;4,50
27.03.2015;4,50
30.03.2015;4,50
31.03.2015;4,50
01.04.2015;4,50
07.04.2015;4,50
08.04.2015;4,50
09.04.2015;4,50
10.04.2015;4,50
13.04.2015;4,50
14.04.2015;4,50
15.04.2015;4,50
16.04.2015;4,50
17.04.2015;4,50
20.04.2015;4,50
21.04.2015;4,50
22.04.2015;4,50
24.04.2015;4,50
27.04.2015;4,50
28.04.2015;4,50
29.04.2015;4,50
30.04.2015;4,50
04.05.2015;4,50
05.05.2015;4,50
06.05.2015;4,50
07.05.2015;4,50
08.05.2015;4,50
11.05.2015;4,50
12.05.2015;4,50
13.05.2015;4,50
15.05.2015;4,50
18.05.2015;4,50
19.05.2015;4,50
20.05.2015;4,50
21.05.2015;4,50
22.05.2015;4,50
26.05.2015;4,50
27.05.2015;4,50
28.05.2015;4,50
29.05.2015;4,50
01.06.2015;4,50
02.06.2015;4,50
03.06.2015;4,50
04.06.2015;4,50
05.06.2015;4,50
08.06.2015;4,50
09.06.2015;4,50
10.06.2015;5,00
11.06.2015;5,00
12.06.2015;5,00
15.06.2015;5,00
16.06.2015;5,00
18.06.2015;5,00
19.06.2015;5,00
22.06.2015;5,00
23.06.2015;5,00
24.06.2015;5,00
25.06.2015;5,00
26.06.2015;5,00
29.06.2015;5,00
30.06.2015;5,00
01.07.2015;5,00
02.07.2015;5,00
03.07.2015;5,00
06.07.2015;5,00
07.07.2015;5,00
08.07.2015;5,00
09.07.2015;5,00
10.07.2015;5,00
13.07.2015;5,00
14.07.2015;5,00
15.07.2015;5,00
16.07.2015;5,00
17.07.2015;5,00
20.07.2015;5,00
21.07.2015;5,00
22.07.2015;5,00
23.07.2015;5,00
24.07.2015;5,00
27.07.2015;5,00
28.07.2015;5,00
29.07.2015;5,00
30.07.2015;5,00
31.07.2015;5,00
04.08.2015;5,00
05.08.2015;5,00
06.08.2015;5,00
07.08.2015;5,00
10.08.2015;5,00
11.08.2015;5,00
12.08.2015;5,00
13.08.2015;5,00
14.08.2015;5,00
17.08.2015;5,00
18.08.2015;5,00
19.08.2015;5,50
20.08.2015;5,50
21.08.2015;5,50
24.08.2015;5,50
25.08.2015;5,50
26.08.2015;5,50
27.08.2015;5,50
28.08.2015;5,50
31.08.2015;5,50
01.09.2015;5,50
02.09.2015;5,50
03.09.2015;5,50
04.09.2015;5,50
07.09.2015;5,50
08.09.2015;5,50
09.09.2015;5,50
10.09.2015;5,50
11.09.2015;5,50
14.09.2015;5,50
15.09.2015;5,50
16.09.2015;5,50
17.09.2015;5,50
18.09.2015;5,50
21.09.2015;5,50
22.09.2015;5,50
23.09.2015;5,50
24.09.2015;5,50
25.09.2015;5,50
28.09.2015;5,50
29.09.2015;5,50
30.09.2015;5,50
01.10.2015;5,50
02.10.2015;5,50
05.10.2015;5,50
06.10.2015;5,50
07.10.2015;5,50
08.10.2015;5,50
09.10.2015;5,50
12.10.2015;5,50
13.10.2015;5,50
14.10.2015;5,50
15.10.2015;5,50
16.10.2015;5,50
19.10.2015;5,50
20.10.2015;5,50
21.10.2015;5,50
22.10.2015;5,50
23.10.2015;5,50
26.10.2015;5,50
27.10.2015;5,50
28.10.2015;5,50
29.10.2015;5,50
30.10.2015;5,50
02.11.2015;5,50
03.11.2015;5,50
04.11.2015;5,75
05.11.2015;5,75
06.11.2015;5,75
09.11.2015;5,75
10.11.2015;5,75
11.11.2015;5,75
12.11.2015;5,75
13.11.2015;5,75
16.11.2015;5,75
17.11.2015;5,75
18.11.2015;5,75
19.11.2015;5,75
20.11.2015;5,75
23.11.2015;5,75
24.11.2015;5,75
25.11.2015;5,75
26.11.2015;5,75
27.11.2015;5,75
30.11.2015;5,75
01.12.2015;5,75
02.12.2015;5,75
03.12.2015;5,75
04.12.2015;5,75
07.12.2015;5,75
08.12.2015;5,75
09.12.2015;5,75
10.12.2015;5,75
11.12.2015;5,75
14.12.2015;5,75
15.12.2015;5,75
16.12.2015;5,75
17.12.2015;5,75
18.12.2015;5,75
21.12.2015;5,75
22.12.2015;5,75
23.12.2015;5,75
28.12.2015;5,75
29.12.2015;5,75
30.12.2015;5,75
31.12.2015;5,75
01.01.2016;5,75
04.01.2016;5,75
05.01.2016;5,75
06.01.2016;5,75
07.01.2016;5,75
08.01.2016;5,75
11.01.2016;5,75
12.01.2016;5,75
13.01.2016;5,75
14.01.2016;5,75
15.01.2016;5,75
18.01.2016;5,75
19.01.2016;5,75
20.01.2016;5,75
21.01.2016;5,75
22.01.2016;5,75
25.01.2016;5,75
26.01.2016;5,75
27.01.2016;5,75
28.01.2016;5,75
29.01.2016;5,75
01.02.2016;5,75
02.02.2016;5,75
03.02.2016;5,75
04.02.2016;5,75
05.02.2016;5,75
08.02.2016;5,75
09.02.2016;5,75
10.02.2016;5,75
11.02.2016;5,75
12.02.2016;5,75
15.02.2016;5,75
16.02.2016;5,75
17.02.2016;5,75
18.02.2016;5,75
19.02.2016;5,75
22.02.2016;5,75
23.02.2016;5,75
24.02.2016;5,75
25.02.2016;5,75
26.02.2016;5,75
29.02.2016;5,75
01.03.2016;5,75
02.03.2016;5,75
03.03.2016;5,75
04.03.2016;5,75
07.03.2016;5,75
08.03.2016;5,75
09.03.2016;5,75
10.03.2016;5,75
11.03.2016;5,75
14.03.2016;5,75
15.03.2016;5,75
16.03.2016;5,75
17.03.2016;5,75
18.03.2016;5,75
21.03.2016;5,75
22.03.2016;5,75
23.03.2016;5,75
29.03.2016;5,75
30.03.2016;5,75
31.03.2016;5,75
01.04.2016;5,75
04.04.2016;5,75
05.04.2016;5,75
06.04.2016;5,75
07.04.2016;5,75
08.04.2016;5,75
11.04.2016;5,75
12.04.2016;5,75
13.04.2016;5,75
14.04.2016;5,75
15.04.2016;5,75
18.04.2016;5,75
19.04.2016;5,75
20.04.2016;5,75
22.04.2016;5,75
25.04.2016;5,75
26.04.2016;5,75
27.04.2016;5,75
28.04.2016;5,75
29.04.2016;5,75
02.05.2016;5,75
03.05.2016;5,75
04.05.2016;5,75
06.05.2016;5,75
09.05.2016;5,75
10.05.2016;5,75
11.05.2016;5,75
12.05.2016;5,75
13.05.2016;5,75
17.05.2016;5,75
18.05.2016;5,75
19.05.2016;5,75
20.05.2016;5,75
23.05.2016;5,75
24.05.2016;5,75
25.05.2016;5,75
26.05.2016;5,75
27.05.2016;5,75
30.05.2016;5,75
31.05.2016;5,75
01.06.2016;5,75
02.06.2016;5,75
03.06.2016;5,75
06.06.2016;5,75
07.06.2016;5,75
08.06.2016;5,75
09.06.2016;5,75
10.06.2016;5,75
13.06.2016;5,75
14.06.2016;5,75
15.06.2016;5,75
16.06.2016;5,75
20.06.2016;5,75
21.06.2016;5,75
22.06.2016;5,75
23.06.2016;5,75
24.06.2016;5,75
27.06.2016;5,75
28.06.2016;5,75
29.06.2016;5,75
30.06.2016;5,75
01.07.2016;5,75
04.07.2016;5,75
05.07.2016;5,75
06.07.2016;5,75
07.07.2016;5,75
08.07.2016;5,75
11.07.2016;5,75
12.07.2016;5,75
13.07.2016;5,75
14.07.2016;5,75
15.07.2016;5,75
18.07.2016;5,75
19.07.2016;5,75
20.07.2016;5,75
21.07.2016;5,75
22.07.2016;5,75
25.07.2016;5,75
26.07.2016;5,75
27.07.2016;5,75
28.07.2016;5,75
29.07.2016;5,75
02.08.2016;5,75
03.08.2016;5,75
04.08.2016;5,75
05.08.2016;5,75
08.08.2016;5,75
09.08.2016;5,75
10.08.2016;5,75
11.08.2016;5,75
12.08.2016;5,75
15.08.2016;5,75
16.08.2016;5,75
17.08.2016;5,75
18.08.2016;5,75
19.08.2016;5,75
22.08.2016;5,75
23.08.2016;5,75
24.08.2016;5,25
25.08.2016;5,25
26.08.2016;5,25
29.08.2016;5,25
30.08.2016;5,25
31.08.2016;5,25
01.09.2016;5,25
02.09.2016;5,25
05.09.2016;5,25
06.09.2016;5,25
07.09.2016;5,25
08.09.2016;5,25
09.09.2016;5,25
12.09.2016;5,25
13.09.2016;5,25
14.09.2016;5,25
15.09.2016;5,25
16.09.2016;5,25
19.09.2016;5,25
20.09.2016;5,25
21.09.2016;5,25
22.09.2016;5,25
23.09.2016;5,25
26.09.2016;5,25
27.09.2016;5,25
28.09.2016;5,25
29.09.2016;5,25
30.09.2016;5,25
03.10.2016;5,25
04.10.2016;5,25
05.10.2016;5,25
06.10.2016;5,25
07.10.2016;5,25
10.10.2016;5,25
11.10.2016;5,25
12.10.2016;5,25
13.10.2016;5,25
14.10.2016;5,25
17.10.2016;5,25
18.10.2016;5,25
19.10.2016;5,25
20.10.2016;5,25
21.10.2016;5,25
24.10.2016;5,25
25.10.2016;5,25
26.10.2016;5,25
27.10.2016;5,25
28.10.2016;5,25
31.10.2016;5,25
01.11.2016;5,25
02.11.2016;5,25
03.11.2016;5,25
04.11.2016;5,25
07.11.2016;5,25
08.11.2016;5,25
09.11.2016;5,25
10.11.2016;5,25
11.11.2016;5,25
14.11.2016;5,25
15.11.2016;5,25
16.11.2016;5,25
17.11.2016;5,25
18.11.2016;5,25
21.11.2016;5,25
22.11.2016;5,25
23.11.2016;5,25
24.11.2016;5,25
25.11.2016;5,25
28.11.2016;5,25
29.11.2016;5,25
30.11.2016;5,25
01.12.2016;5,25
02.12.2016;5,25
05.12.2016;5,25
06.12.2016;5,25
07.12.2016;5,25
08.12.2016;5,25
09.12.2016;5,25
12.12.2016;5,25
13.12.2016;5,25
14.12.2016;5,00
15.12.2016;5,00
16.12.2016;5,00
19.12.2016;5,00
20.12.2016;5,00
21.12.2016;5,00
22.12.2016;5,00
23.12.2016;5,00
27.12.2016;5,00
28.12.2016;5,00
29.12.2016;5,00
30.12.2016;5,00
02.01.2017;5,00
03.01.2017;5,00
04.01.2017;5,00
05.01.2017;5,00
06.01.2017;5,00
09.01.2017;5,00
10.01.2017;5,00
11.01.2017;5,00
12.01.2017;5,00
13.01.2017;5,00
16.01.2017;5,00
17.01.2017;5,00
18.01.2017;5,00
19.01.2017;5,00
20.01.2017;5,00
23.01.2017;5,00
24.01.2017;5,00
25.01.2017;5,00
26.01.2017;5,00
27.01.2017;5,00
30.01.2017;5,00
31.01.2017;5,00
01.02.2017;5,00
02.02.2017;5,00
03.02.2017;5,00
06.02.2017;5,00
07.02.2017;5,00
08.02.2017;5,00
09.02.2017;5,00
10.02.2017;5,00
13.02.2017;5,00
14.02.2017;5,00
15.02.2017;5,00
16.02.2017;5,00
17.02.2017;5,00
20.02.2017;5,00
21.02.2017;5,00
22.02.2017;5,00
23.02.2017;5,00
24.02.2017;5,00
27.02.2017;5,00
28.02.2017;5,00
01.03.2017;5,00
02.03.2017;5,00
03.03.2017;5,00
06.03.2017;5,00
07.03.2017;5,00
08.03.2017;5,00
09.03.2017;5,00
10.03.2017;5,00
13.03.2017;5,00
14.03.2017;5,00
15.03.2017;5,00
16.03.2017;5,00
17.03.2017;5,00
20.03.2017;5,00
21.03.2017;5,00
22.03.2017;5,00
23.03.2017;5,00
24.03.2017;5,00
27.03.2017;5,00
28.03.2017;5,00
29.03.2017;5,00
30.03.2017;5,00
31.03.2017;5,00
03.04.2017;5,00
04.04.2017;5,00
05.04.2017;5,00
06.04.2017;5,00
07.04.2017;5,00
10.04.2017;5,00
11.04.2017;5,00
12.04.2017;5,00
18.04.2017;5,00
19.04.2017;5,00
21.04.2017;5,00
24.04.2017;5,00
25.04.2017;5,00
26.04.2017;5,00
27.04.2017;5,00
28.04.2017;5,00
02.05.2017;5,00
03.05.2017;5,00
04.05.2017;5,00
05.05.2017;5,00
08.05.2017;5,00
09.05.2017;5,00
10.05.2017;5,00
11.05.2017;5,00
12.05.2017;5,00
15.05.2017;5,00
16.05.2017;5,00
17.05.2017;4,75
18.05.2017;4,75
19.05.2017;4,75
22.05.2017;4,75
23.05.2017;4,75
24.05.2017;4,75
25.05.2017;4,75
26.05.2017;4,75
29.05.2017;4,75
30.05.2017;4,75
31.05.2017;4,75
01.06.2017;4,75
02.06.2017;4,75
06.06.2017;4,75
07.06.2017;4,75
08.06.2017;4,75
09.06.2017;4,75
12.06.2017;4,75
13.06.2017;4,75
14.06.2017;4,50
15.06.2017;4,50
16.06.2017;4,50
19.06.2017;4,50
20.06.2017;4,50
21.06.2017;4,50
22.06.2017;4,50
23.06.2017;4,50
26.06.2017;4,50
27.06.2017;4,50
28.06.2017;4,50
29.06.2017;4,50
30.06.2017;4,50
03.07.2017;4,50
04.07.2017;4,50
05.07.2017;4,50
06.07.2017;4,50
07.07.2017;4,50
10.07.2017;4,50
11.07.2017;4,50
12.07.2017;4,50
13.07.2017;4,50
14.07.2017;4,50
17.07.2017;4,50
18.07.2017;4,50
19.07.2017;4,50
20.07.2017;4,50
21.07.2017;4,50
24.07.2017;4,50
25.07.2017;4,50
26.07.2017;4,50
27.07.2017;4,50
28.07.2017;4,50
31.07.2017;4,50
01.08.2017;4,50
02.08.2017;4,50
03.08.2017;4,50
04.08.2017;4,50
08.08.2017;4,50
09.08.2017;4,50
10.08.2017;4,50
11.08.2017;4,50
14.08.2017;4,50
15.08.2017;4,50
16.08.2017;4,50
17.08.2017;4,50
18.08.2017;4,50
21.08.2017;4,50
22.08.2017;4,50
23.08.2017;4,50
24.08.2017;4,50
25.08.2017;4,50
28.08.2017;4,50
29.08.2017;4,50
30.08.2017;4,50
31.08.2017;4,50
01.09.2017;4,50
04.09.2017;4,50
05.09.2017;4,50
06.09.2017;4,50
07.09.2017;4,50
08.09.2017;4,50
11.09.2017;4,50
12.09.2017;4,50
13.09.2017;4,50
14.09.2017;4,50
15.09.2017;4,50
18.09.2017;4,50
19.09.2017;4,50
20.09.2017;4,50
21.09.2017;4,50
22.09.2017;4,50
25.09.2017;4,50
26.09.2017;4,50
27.09.2017;4,50
28.09.2017;4,50
29.09.2017;4,50
02.10.2017;4,50
03.10.2017;4,50
04.10.2017;4,25
05.10.2017;4,25
06.10.2017;4,25
09.10.2017;4,25
10.10.2017;4,25
11.10.2017;4,25
12.10.2017;4,25
13.10.2017;4,25
16.10.2017;4,25
17.10.2017;4,25
18.10.2017;4,25
19.10.2017;4,25
20.10.2017;4,25
23.10.2017;4,25
24.10.2017;4,25
25.10.2017;4,25
26.10.2017;4,25
27.10.2017;4,25
30.10.2017;4,25
31.10.2017;4,25
01.11.2017;4,25
02.11.2017;4,25
03.11.2017;4,25
06.11.2017;4,25
07.11.2017;4,25
08.11.2017;4,25
09.11.2017;4,25
10.11.2017;4,25
13.11.2017;4,25
14.11.2017;4,25
15.11.2017;4,25
16.11.2017;4,25
17.11.2017;4,25
20.11.2017;4,25
21.11.2017;4,25
22.11.2017;4,25
23.11.2017;4,25
24.11.2017;4,25
27.11.2017;4,25
28.11.2017;4,25
29.11.2017;4,25
30.11.2017;4,25
01.12.2017;4,25
04.12.2017;4,25
05.12.2017;4,25
06.12.2017;4,25
07.12.2017;4,25
08.12.2017;4,25
11.12.2017;4,25
12.12.2017;4,25
13.12.2017;4,25
14.12.2017;4,25
15.12.2017;4,25
18.12.2017;4,25
19.12.2017;4,25
20.12.2017;4,25
21.12.2017;4,25
22.12.2017;4,25
25.12.2017;4,25
26.12.2017;4,25
27.12.2017;4,25
28.12.2017;4,25
29.12.2017;4,25
01.01.2018;4,25
02.01.2018;4,25
03.01.2018;4,25
04.01.2018;4,25
05.01.2018;4,25
08.01.2018;4,25
09.01.2018;4,25
10.01.2018;4,25
11.01.2018;4,25
12.01.2018;4,25
15.01.2018;4,25
16.01.2018;4,25
17.01.2018;4,25
18.01.2018;4,25
19.01.2018;4,25
22.01.2018;4,25
23.01.2018;4,25
24.01.2018;4,25
25.01.2018;4,25
26.01.2018;4,25
29.01.2018;4,25
30.01.2018;4,25
31.01.2018;4,25
01.02.2018;4,25
02.02.2018;4,25
05.02.2018;4,25
06.02.2018;4,25
07.02.2018;4,25
08.02.2018;4,25
09.02.2018;4,25
12.02.2018;4,25
13.02.2018;4,25
14.02.2018;4,25
15.02.2018;4,25
16.02.2018;4,25
19.02.2018;4,25
20.02.2018;4,25
21.02.2018;4,25
22.02.2018;4,25
23.02.2018;4,25
26.02.2018;4,25
27.02.2018;4,25
28.02.2018;4,25
01.03.2018;4,25
02.03.2018;4,25
05.03.2018;4,25
06.03.2018;4,25
07.03.2018;4,25
08.03.2018;4,25
09.03.2018;4,25
12.03.2018;4,25
13.03.2018;4,25
14.03.2018;4,25
15.03.2018;4,25
16.03.2018;4,25
19.03.2018;4,25
20.03.2018;4,25
21.03.2018;4,25
22.03.2018;4,25
23.03.2018;4,25
26.03.2018;4,25
27.03.2018;4,25
28.03.2018;4,25
29.03.2018;4,25
30.03.2018;4,25
02.04.2018;4,25
03.04.2018;4,25
04.04.2018;4,25
05.04.2018;4,25
06.04.2018;4,25
09.04.2018;4,25
10.04.2018;4,25
11.04.2018;4,25
12.04.2018;4,25
13.04.2018;4,25
16.04.2018;4,25
17.04.2018;4,25
18.04.2018;4,25
19.04.2018;4,25
20.04.2018;4,25
23.04.2018;4,25
24.04.2018;4,25
25.04.2018;4,25
26.04.2018;4,25
27.04.2018;4,25
30.04.2018;4,25
01.05.2018;4,25
02.05.2018;4,25
03.05.2018;4,25
04.05.2018;4,25
07.05.2018;4,25
08.05.2018;4,25
09.05.2018;4,25
10.05.2018;4,25
11.05.2018;4,25
14.05.2018;4,25
15.05.2018;4,25
16.05.2018;4,25
17.05.2018;4,25
18.05.2018;4,25
21.05.2018;4,25
22.05.2018;4,25
23.05.2018;4,25
24.05.2018;4,25
25.05.2018;4,25
28.05.2018;4,25
29.05.2018;4,25
30.05.2018;4,25
31.05.2018;4,25
01.06.2018;4,25
04.06.2018;4,25
05.06.2018;4,25
06.06.2018;4,25
07.06.2018;4,25
08.06.2018;4,25
11.06.2018;4,25
12.06.2018;4,25
13.06.2018;4,25
14.06.2018;4,25
15.06.2018;4,25
18.06.2018;4,25
19.06.2018;4,25
20.06.2018;4,25
21.06.2018;4,25
22.06.2018;4,25
25.06.2018;4,25
26.06.2018;4,25
27.06.2018;4,25
28.06.2018;4,25
29.06.2018;4,25
02.07.2018;4,25
03.07.2018;4,25
04.07.2018;4,25
05.07.2018;4,25
06.07.2018;4,25
09.07.2018;4,25
10.07.2018;4,25
11.07.2018;4,25
12.07.2018;4,25
13.07.2018;4,25
16.07.2018;4,25
17.07.2018;4,25
18.07.2018;4,25
19.07.2018;4,25
20.07.2018;4,25
23.07.2018;4,25
24.07.2018;4,25
25.07.2018;4,25
26.07.2018;4,25
27.07.2018;4,25
30.07.2018;4,25
31.07.2018;4,25
01.08.2018;4,25
02.08.2018;4,25
03.08.2018;4,25
07.08.2018;4,25
08.08.2018;4,25
09.08.2018;4,25
10.08.2018;4,25
13.08.2018;4,25
14.08.2018;4,25
15.08.2018;4,25
16.08.2018;4,25
17.08.2018;4,25
20.08.2018;4,25
21.08.2018;4,25
22.08.2018;4,25
23.08.2018;4,25
24.08.2018;4,25
27.08.2018;4,25
28.08.2018;4,25
29.08.2018;4,25
30.08.2018;4,25
31.08.2018;4,25
03.09.2018;4,25
04.09.2018;4,25
05.09.2018;4,25
06.09.2018;4,25
07.09.2018;4,25
10.09.2018;4,25
11.09.2018;4,25
12.09.2018;4,25
13.09.2018;4,25
14.09.2018;4,25
17.09.2018;4,25
18.09.2018;4,25
19.09.2018;4,25
20.09.2018;4,25
21.09.2018;4,25
24.09.2018;4,25
25.09.2018;4,25
26.09.2018;4,25
27.09.2018;4,25
28.09.2018;4,25
01.10.2018;4,25
02.10.2018;4,25
03.10.2018;4,25
04.10.2018;4,25
05.10.2018;4,25
08.10.2018;4,25
09.10.2018;4,25
10.10.2018;4,25
11.10.2018;4,25
12.10.2018;4,25
15.10.2018;4,25
16.10.2018;4,25
17.10.2018;4,25
18.10.2018;4,25
19.10.2018;4,25
22.10.2018;4,25
23.10.2018;4,25
24.10.2018;4,25
25.10.2018;4,25
26.10.2018;4,25
29.10.2018;4,25
30.10.2018;4,25
31.10.2018;4,25
01.11.2018;4,25
02.11.2018;4,25
05.11.2018;4,25
06.11.2018;4,25
07.11.2018;4,50
08.11.2018;4,50
09.11.2018;4,50
12.11.2018;4,50
13.11.2018;4,50
14.11.2018;4,50
15.11.2018;4,50
16.11.2018;4,50
19.11.2018;4,50
20.11.2018;4,50
21.11.2018;4,50
22.11.2018;4,50
23.11.2018;4,50
26.11.2018;4,50
27.11.2018;4,50
28.11.2018;4,50
29.11.2018;4,50
30.11.2018;4,50
03.12.2018;4,50
04.12.2018;4,50
05.12.2018;4,50
06.12.2018;4,50
07.12.2018;4,50
10.12.2018;4,50
11.12.2018;4,50
12.12.2018;4,50
13.12.2018;4,50
14.12.2018;4,50
17.12.2018;4,50
18.12.2018;4,50
19.12.2018;4,50
20.12.2018;4,50
21.12.2018;4,50
27.12.2018;4,50
28.12.2018;4,50
31.12.2018;4,50
01.01.2019;4,50
02.01.2019;4,50
03.01.2019;4,50
04.01.2019;4,50
07.01.2019;4,50
08.01.2019;4,50
09.01.2019;4,50
10.01.2019;4,50
11.01.2019;4,50
14.01.2019;4,50
15.01.2019;4,50
16.01.2019;4,50
17.01.2019;4,50
18.01.2019;4,50
21.01.2019;4,50
22.01.2019;4,50
23.01.2019;4,50
24.01.2019;4,50
25.01.2019;4,50
28.01.2019;4,50
29.01.2019;4,50
30.01.2019;4,50
31.01.2019;4,50
01.02.2019;4,50
04.02.2019;4,50
05.02.2019;4,50
06.02.2019;4,50
07.02.2019;4,50
08.02.2019;4,50
11.02.2019;4,50
12.02.2019;4,50
13.02.2019;4,50
14.02.2019;4,50
15.02.2019;4,50
18.02.2019;4,50
19.02.2019;4,50
20.02.2019;4,50
21.02.2019;4,50
22.02.2019;4,50
25.02.2019;4,50
26.02.2019;4,50
27.02.2019;4,50
28.02.2019;4,50
01.03.2019;4,50
04.03.2019;4,50
05.03.2019;4,50
06.03.2019;4,50
07.03.2019;4,50
08.03.2019;4,50
11.03.2019;4,50
12.03.2019;4,50
13.03.2019;4,50
14.03.2019;4,50
15.03.2019;4,50
18.03.2019;4,50
19.03.2019;4,50
20.03.2019;4,50
21.03.2019;4,50
22.03.2019;4,50
25.03.2019;4,50
26.03.2019;4,50
27.03.2019;4,50
28.03.2019;4,50
29.03.2019;4,50
01.04.2019;4,50
02.04.2019;4,50
03.04.2019;4,50
04.04.2019;4,50
05.04.2019;4,50
08.04.2019;4,50
09.04.2019;4,50
10.04.2019;4,50
11.04.2019;4,50
12.04.2019;4,50
15.04.2019;4,50
16.04.2019;4,50
17.04.2019;4,50
19.04.2019;4,50
23.04.2019;4,50
24.04.2019;4,50
26.04.2019;4,50
29.04.2019;4,50
30.04.2019;4,50
02.05.2019;4,50
03.05.2019;4,50
06.05.2019;4,50
07.05.2019;4,50
08.05.2019;4,50
09.05.2019;4,50
10.05.2019;4,50
13.05.2019;4,50
14.05.2019;4,50
15.05.2019;4,50
16.05.2019;4,50
17.05.2019;4,50
20.05.2019;4,50
21.05.2019;4,50
22.05.2019;4,00
23.05.2019;4,00
24.05.2019;4,00
27.05.2019;4,00
28.05.2019;4,00
29.05.2019;4,00
31.05.2019;4,00
03.06.2019;4,00
04.06.2019;4,00
05.06.2019;4,00
06.06.2019;4,00
07.06.2019;4,00
11.06.2019;4,00
12.06.2019;4,00
13.06.2019;4,00
14.06.2019;4,00
18.06.2019;4,00
19.06.2019;4,00
20.06.2019;4,00
21.06.2019;4,00
24.06.2019;4,00
25.06.2019;4,00
26.06.2019;3,75
27.06.2019;3,75
28.06.2019;3,75
01.07.2019;3,75
02.07.2019;3,75
03.07.2019;3,75
04.07.2019;3,75
05.07.2019;3,75
08.07.2019;3,75
09.07.2019;3,75
10.07.2019;3,75
11.07.2019;3,75
12.07.2019;3,75
15.07.2019;3,75
16.07.2019;3,75
17.07.2019;3,75
18.07.2019;3,75
19.07.2019;3,75
22.07.2019;3,75
23.07.2019;3,75
24.07.2019;3,75
25.07.2019;3,75
26.07.2019;3,75
29.07.2019;3,75
30.07.2019;3,75
31.07.2019;3,75
01.08.2019;3,75
02.08.2019;3,75
06.08.2019;3,75
07.08.2019;3,75
08.08.2019;3,75
09.08.2019;3,75
12.08.2019;3,75
13.08.2019;3,75
14.08.2019;3,75
15.08.2019;3,75
16.08.2019;3,75
19.08.2019;3,75
20.08.2019;3,75
21.08.2019;3,75
22.08.2019;3,75
23.08.2019;3,75
26.08.2019;3,75
27.08.2019;3,75
28.08.2019;3,50
29.08.2019;3,50
30.08.2019;3,50
02.09.2019;3,50
03.09.2019;3,50
04.09.2019;3,50
05.09.2019;3,50
06.09.2019;3,50
09.09.2019;3,50
10.09.2019;3,50
11.09.2019;3,50
12.09.2019;3,50
13.09.2019;3,50
16.09.2019;3,50
17.09.2019;3,50
18.09.2019;3,50
19.09.2019;3,50
20.09.2019;3,50
23.09.2019;3,50
24.09.2019;3,50
25.09.2019;3,50
26.09.2019;3,50
27.09.2019;3,50
30.09.2019;3,50
01.10.2019;3,50
02.10.2019;3,25
03.10.2019;3,25
04.10.2019;3,25
07.10.2019;3,25
08.10.2019;3,25
09.10.2019;3,25
10.10.2019;3,25
11.10.2019;3,25
14.10.2019;3,25
15.10.2019;3,25
16.10.2019;3,25
17.10.2019;3,25
18.10.2019;3,25
21.10.2019;3,25
22.10.2019;3,25
23.10.2019;3,25
24.10.2019;3,25
25.10.2019;3,25
28.10.2019;3,25
29.10.2019;3,25
30.10.2019;3,25
31.10.2019;3,25
01.11.2019;3,25
04.11.2019;3,25
05.11.2019;3,25
06.11.2019;3,00
07.11.2019;3,00
08.11.2019;3,00
11.11.2019;3,00
12.11.2019;3,00
13.11.2019;3,00
14.11.2019;3,00
15.11.2019;3,00
18.11.2019;3,00
19.11.2019;3,00
20.11.2019;3,00
21.11.2019;3,00
22.11.2019;3,00
25.11.2019;3,00
26.11.2019;3,00
27.11.2019;3,00
28.11.2019;3,00
29.11.2019;3,00
02.12.2019;3,00
03.12.2019;3,00
04.12.2019;3,00
05.12.2019;3,00
06.12.2019;3,00
09.12.2019;3,00
10.12.2019;3,00
11.12.2019;3,00
12.12.2019;3,00
13.12.2019;3,00
16.12.2019;3,00
17.12.2019;3,00
18.12.2019;3,00
19.12.2019;3,00
20.12.2019;3,00
23.12.2019;3,00
27.12.2019;3,00
30.12.2019;3,00
31.12.2019;3,00
01.01.2020;3,00
02.01.2020;3,00
03.01.2020;3,00
06.01.2020;3,00
07.01.2020;3,00
08.01.2020;3,00
09.01.2020;3,00
10.01.2020;3,00
13.01.2020;3,00
14.01.2020;3,00
15.01.2020;3,00
16.01.2020;3,00
17.01.2020;3,00
20.01.2020;3,00
21.01.2020;3,00
22.01.2020;3,00
23.01.2020;3,00
24.01.2020;3,00
27.01.2020;3,00
28.01.2020;3,00
29.01.2020;3,00
30.01.2020;3,00
31.01.2020;3,00
03.02.2020;3,00
04.02.2020;3,00
05.02.2020;2,75
06.02.2020;2,75
07.02.2020;2,75
10.02.2020;2,75
11.02.2020;2,75
12.02.2020;2,75
13.02.2020;2,75
14.02.2020;2,75
17.02.2020;2,75
18.02.2020;2,75
19.02.2020;2,75
20.02.2020;2,75
21.02.2020;2,75
24.02.2020;2,75
25.02.2020;2,75
26.02.2020;2,75
27.02.2020;2,75
28.02.2020;2,75
02.03.2020;2,75
03.03.2020;2,75
04.03.2020;2,75
05.03.2020;2,75
06.03.2020;2,75
09.03.2020;2,75
10.03.2020;2,75
11.03.2020;2,25
12.03.2020;2,25
13.03.2020;2,25
16.03.2020;2,25
17.03.2020;2,25
18.03.2020;1,75
19.03.2020;1,75
20.03.2020;1,75
23.03.2020;1,75
24.03.2020;1,75
25.03.2020;1,75
26.03.2020;1,75
27.03.2020;1,75
30.03.2020;1,75
31.03.2020;1,75
01.04.2020;1,75
02.04.2020;1,75
03.04.2020;1,75
06.04.2020;1,75
07.04.2020;1,75
08.04.2020;1,75
14.04.2020;1,75
15.04.2020;1,75
16.04.2020;1,75
17.04.2020;1,75
20.04.2020;1,75
21.04.2020;1,75
22.04.2020;1,75
24.04.2020;1,75
27.04.2020;1,75
28.04.2020;1,75
29.04.2020;1,75
30.04.2020;1,75
04.05.2020;1,75
05.05.2020;1,75
06.05.2020;1,75
07.05.2020;1,75
08.05.2020;1,75
11.05.2020;1,75
12.05.2020;1,75
13.05.2020;1,75
14.05.2020;1,75
15.05.2020;1,75
18.05.2020;1,75
19.05.2020;1,75
20.05.2020;1,00
22.05.2020;1,00
25.05.2020;1,00
26.05.2020;1,00
27.05.2020;1,00
28.05.2020;1,00
29.05.2020;1,00
02.06.2020;1,00
03.06.2020;1,00
04.06.2020;1,00
05.06.2020;1,00
08.06.2020;1,00
09.06.2020;1,00
10.06.2020;1,00
11.06.2020;1,00
12.06.2020;1,00
15.06.2020;1,00
16.06.2020;1,00
18.06.2020;1,00
19.06.2020;1,00
22.06.2020;1,00
23.06.2020;1,00
24.06.2020;1,00
25.06.2020;1,00
26.06.2020;1,00
29.06.2020;1,00
30.06.2020;1,00
01.07.2020;1,00
02.07.2020;1,00
03.07.2020;1,00
06.07.2020;1,00
07.07.2020;1,00
08.07.2020;1,00
09.07.2020;1,00
10.07.2020;1,00
13.07.2020;1,00
14.07.2020;1,00
15.07.2020;1,00
16.07.2020;1,00
17.07.2020;1,00
20.07.2020;1,00
21.07.2020;1,00
22.07.2020;1,00
23.07.2020;1,00
24.07.2020;1,00
27.07.2020;1,00
28.07.2020;1,00
29.07.2020;1,00
30.07.2020;1,00
31.07.2020;1,00
04.08.2020;1,00
05.08.2020;1,00
06.08.2020;1,00
07.08.2020;1,00
10.08.2020;1,00
11.08.2020;1,00
12.08.2020;1,00
13.08.2020;1,00
14.08.2020;1,00
17.08.2020;1,00
18.08.2020;1,00
19.08.2020;1,00
20.08.2020;1,00
21.08.2020;1,00
24.08.2020;1,00
25.08.2020;1,00
26.08.2020;1,00
27.08.2020;1,00
28.08.2020;1,00
31.08.2020;1,00
01.09.2020;1,00
02.09.2020;1,00
03.09.2020;1,00
04.09.2020;1,00
07.09.2020;1,00
08.09.2020;1,00
09.09.2020;1,00
10.09.2020;1,00
11.09.2020;1,00
14.09.2020;1,00
15.09.2020;1,00
16.09.2020;1,00
17.09.2020;1,00
18.09.2020;1,00
21.09.2020;1,00
22.09.2020;1,00
23.09.2020;1,00
24.09.2020;1,00
25.09.2020;1,00
28.09.2020;1,00
29.09.2020;1,00
30.09.2020;1,00
01.10.2020;1,00
02.10.2020;1,00
05.10.2020;1,00
06.10.2020;1,00
07.10.2020;1,00
08.10.2020;1,00
09.10.2020;1,00
12.10.2020;1,00
13.10.2020;1,00
14.10.2020;1,00
15.10.2020;1,00
16.10.2020;1,00
19.10.2020;1,00
20.10.2020;1,00
21.10.2020;1,00
22.10.2020;1,00
23.10.2020;1,00
26.10.2020;1,00
27.10.2020;1,00
28.10.2020;1,00
29.10.2020;1,00
30.10.2020;1,00
02.11.2020;1,00
03.11.2020;1,00
04.11.2020;1,00
05.11.2020;1,00
06.11.2020;1,00
09.11.2020;1,00
10.11.2020;1,00
11.11.2020;1,00
12.11.2020;1,00
13.11.2020;1,00
16.11.2020;1,00
17.11.2020;1,00
18.11.2020;0,75
19.11.2020;0,75
20.11.2020;0,75
23.11.2020;0,75
24.11.2020;0,75
25.11.2020;0,75
26.11.2020;0,75
27.11.2020;0,75
30.11.2020;0,75
01.12.2020;0,75
02.12.2020;0,75
03.12.2020;0,75
04.12.2020;0,75
07.12.2020;0,75
08.12.2020;0,75
09.12.2020;0,75
10.12.2020;0,75
11.12.2020;0,75
14.12.2020;0,75
15.12.2020;0,75
16.12.2020;0,75
17.12.2020;0,75
18.12.2020;0,75
21.12.2020;0,75
22.12.2020;0,75
23.12.2020;0,75
28.12.2020;0,75
29.12.2020;0,75
30.12.2020;0,75
31.12.2020;0,75
01.01.2021;0,75
04.01.2021;0,75
05.01.2021;0,75
06.01.2021;0,75
07.01.2021;0,75
08.01.2021;0,75
11.01.2021;0,75
12.01.2021;0,75
13.01.2021;0,75
14.01.2021;0,75
15.01.2021;0,75
18.01.2021;0,75
19.01.2021;0,75
20.01.2021;0,75
21.01.2021;0,75
22.01.2021;0,75
25.01.2021;0,75
26.01.2021;0,75
27.01.2021;0,75
28.01.2021;0,75
29.01.2021;0,75
01.02.2021;0,75
02.02.2021;0,75
03.02.2021;0,75
04.02.2021;0,75
05.02.2021;0,75
08.02.2021;0,75
09.02.2021;0,75
10.02.2021;0,75
11.02.2021;0,75
12.02.2021;0,75
15.02.2021;0,75
16.02.2021;0,75
17.02.2021;0,75
18.02.2021;0,75
19.02.2021;0,75
22.02.2021;0,75
23.02.2021;0,75
24.02.2021;0,75
25.02.2021;0,75
26.02.2021;0,75
01.03.2021;0,75
02.03.2021;0,75
03.03.2021;0,75
04.03.2021;0,75
05.03.2021;0,75
08.03.2021;0,75
09.03.2021;0,75
10.03.2021;0,75
11.03.2021;0,75
12.03.2021;0,75
15.03.2021;0,75
16.03.2021;0,75
17.03.2021;0,75
18.03.2021;0,75
19.03.2021;0,75
22.03.2021;0,75
23.03.2021;0,75
24.03.2021;0,75
25.03.2021;0,75
26.03.2021;0,75
29.03.2021;0,75
30.03.2021;0,75
31.03.2021;0,75
06.04.2021;0,75
07.04.2021;0,75
08.04.2021;0,75
09.04.2021;0,75
12.04.2021;0,75
13.04.2021;0,75
14.04.2021;0,75
15.04.2021;0,75
16.04.2021;0,75
19.04.2021;0,75
20.04.2021;0,75
21.04.2021;0,75
23.04.2021;0,75
26.04.2021;0,75
27.04.2021;0,75
28.04.2021;0,75
29.04.2021;0,75
30.04.2021;0,75
03.05.2021;0,75
04.05.2021;0,75
05.05.2021;0,75
06.05.2021;0,75
07.05.2021;0,75
10.05.2021;0,75
11.05.2021;0,75
12.05.2021;0,75
14.05.2021;0,75
17.05.2021;0,75
18.05.2021;0,75
19.05.2021;1,00
20.05.2021;1,00
21.05.2021;1,00
25.05.2021;1,00
26.05.2021;1,00
27.05.2021;1,00
28.05.2021;1,00
31.05.2021;1,00
01.06.2021;1,00
02.06.2021;1,00
03.06.2021;1,00
04.06.2021;1,00
07.06.2021;1,00
08.06.2021;1,00
09.06.2021;1,00
10.06.2021;1,00
11.06.2021;1,00
14.06.2021;1,00
15.06.2021;1,00
16.06.2021;1,00
18.06.2021;1,00
21.06.2021;1,00
22.06.2021;1,00
23.06.2021;1,00
24.06.2021;1,00
25.06.2021;1,00
28.06.2021;1,00
29.06.2021;1,00
30.06.2021;1,00
01.07.2021;1,00
02.07.2021;1,00
05.07.2021;1,00
06.07.2021;1,00
07.07.2021;1,00
08.07.2021;1,00
09.07.2021;1,00
12.07.2021;1,00
13.07.2021;1,00
14.07.2021;1,00
15.07.2021;1,00
16.07.2021;1,00
19.07.2021;1,00
20.07.2021;1,00
21.07.2021;1,00
22.07.2021;1,00
23.07.2021;1,00
26.07.2021;1,00
27.07.2021;1,00
28.07.2021;1,00
29.07.2021;1,00
30.07.2021;1,00
03.08.2021;1,00
04.08.2021;1,00
05.08.2021;1,00
06.08.2021;1,00
09.08.2021;1,00
10.08.2021;1,00
11.08.2021;1,00
12.08.2021;1,00
13.08.2021;1,00
16.08.2021;1,00
17.08.2021;1,00
18.08.2021;1,00
19.08.2021;1,00
20.08.2021;1,00
23.08.2021;1,00
24.08.2021;1,00
25.08.2021;1,25
26.08.2021;1,25
27.08.2021;1,25
30.08.2021;1,25
31.08.2021;1,25
01.09.2021;1,25
02.09.2021;1,25
03.09.2021;1,25
06.09.2021;1,25
07.09.2021;1,25
08.09.2021;1,25
09.09.2021;1,25
10.09.2021;1,25
13.09.2021;1,25
14.09.2021;1,25
15.09.2021;1,25
16.09.2021;1,25
17.09.2021;1,25
20.09.2021;1,25
21.09.2021;1,25
22.09.2021;1,25
23.09.2021;1,25
24.09.2021;1,25
27.09.2021;1,25
28.09.2021;1,25
29.09.2021;1,25
30.09.2021;1,25
01.10.2021;1,25
04.10.2021;1,25
05.10.2021;1,25
06.10.2021;1,50
07.10.2021;1,50
08.10.2021;1,50
11.10.2021;1,50
12.10.2021;1,50
13.10.2021;1,50
14.10.2021;1,50
15.10.2021;1,50
18.10.2021;1,50
19.10.2021;1,50
20.10.2021;1,50
21.10.2021;1,50
22.10.2021;1,50
25.10.2021;1,50
26.10.2021;1,50
27.10.2021;1,50
28.10.2021;1,50
29.10.2021;1,50
01.11.2021;1,50
02.11.2021;1,50
03.11.2021;1,50
04.11.2021;1,50
05.11.2021;1,50
08.11.2021;1,50
09.11.2021;1,50
10.11.2021;1,50
11.11.2021;1,50
12.11.2021;1,50
15.11.2021;1,50
16.11.2021;1,50
17.11.2021;2,00
18.11.2021;2,00
19.11.2021;2,00
22.11.2021;2,00
23.11.2021;2,00
24.11.2021;2,00
25.11.2021;2,00
26.11.2021;2,00
29.11.2021;2,00
30.11.2021;2,00
01.12.2021;2,00
02.12.2021;2,00
03.12.2021;2,00
06.12.2021;2,00
07.12.2021;2,00
08.12.2021;2,00
09.12.2021;2,00
10.12.2021;2,00
13.12.2021;2,00
14.12.2021;2,00
15.12.2021;2,00
16.12.2021;2,00
17.12.2021;2,00
20.12.2021;2,00
21.12.2021;2,00
22.12.2021;2,00
23.12.2021;2,00
27.12.2021;2,00
28.12.2021;2,00
29.12.2021;2,00
30.12.2021;2,00
31.12.2021;2,00
03.01.2022;2,00
04.01.2022;2,00
05.01.2022;2,00
06.01.2022;2,00
07.01.2022;2,00
10.01.2022;2,00
11.01.2022;2,00
12.01.2022;2,00
13.01.2022;2,00
14.01.2022;2,00
17.01.2022;2,00
18.01.2022;2,00
19.01.2022;2,00
20.01.2022;2,00
21.01.2022;2,00
24.01.2022;2,00
25.01.2022;2,00
26.01.2022;2,00
27.01.2022;2,00
28.01.2022;2,00
31.01.2022;2,00
01.02.2022;2,00
02.02.2022;2,00
03.02.2022;2,00
04.02.2022;2,00
07.02.2022;2,00
08.02.2022;2,00
09.02.2022;2,75
10.02.2022;2,75
11.02.2022;2,75
14.02.2022;2,75
15.02.2022;2,75
16.02.2022;2,75
17.02.2022;2,75
18.02.2022;2,75
21.02.2022;2,75
22.02.2022;2,75
23.02.2022;2,75
24.02.2022;2,75
25.02.2022;2,75
28.02.2022;2,75
01.03.2022;2,75
02.03.2022;2,75
03.03.2022;2,75
04.03.2022;2,75
07.03.2022;2,75
08.03.2022;2,75
09.03.2022;2,75
10.03.2022;2,75
11.03.2022;2,75
14.03.2022;2,75
15.03.2022;2,75
16.03.2022;2,75
17.03.2022;2,75
18.03.2022;2,75
21.03.2022;2,75
22.03.2022;2,75
23.03.2022;2,75
24.03.2022;2,75
25.03.2022;2,75
28.03.2022;2,75
29.03.2022;2,75
30.03.2022;2,75
31.03.2022;2,75
01.04.2022;2,75
04.04.2022;2,75
05.04.2022;2,75
06.04.2022;2,75
07.04.2022;2,75
08.04.2022;2,75
11.04.2022;2,75
12.04.2022;2,75
13.04.2022;2,75
19.04.2022;2,75
20.04.2022;2,75
22.04.2022;2,75
25.04.2022;2,75
26.04.2022;2,75
27.04.2022;2,75
28.04.2022;2,75
29.04.2022;2,75
02.05.2022;2,75
03.05.2022;2,75
04.05.2022;3,75
05.05.2022;3,75
06.05.2022;3,75
09.05.2022;3,75
10.05.2022;3,75
11.05.2022;3,75
12.05.2022;3,75
13.05.2022;3,75
16.05.2022;3,75
17.05.2022;3,75
18.05.2022;3,75
19.05.2022;3,75
20.05.2022;3,75
23.05.2022;3,75
24.05.2022;3,75
25.05.2022;3,75
27.05.2022;3,75
30.05.2022;3,75
31.05.2022;3,75
01.06.2022;3,75
02.06.2022;3,75
03.06.2022;3,75
07.06.2022;3,75
08.06.2022;3,75
09.06.2022;3,75
10.06.2022;3,75
13.06.2022;3,75
14.06.2022;3,75
15.06.2022;3,75
16.06.2022;3,75
20.06.2022;3,75
21.06.2022;3,75
22.06.2022;4,75
23.06.2022;4,75
24.06.2022;4,75
27.06.2022;4,75
28.06.2022;4,75
29.06.2022;4,75
30.06.2022;4,75
01.07.2022;4,75
04.07.2022;4,75
05.07.2022;4,75
06.07.2022;4,75
07.07.2022;4,75
08.07.2022;4,75
11.07.2022;4,75
12.07.2022;4,75
13.07.2022;4,75
14.07.2022;4,75
15.07.2022;4,75
18.07.2022;4,75
19.07.2022;4,75
20.07.2022;4,75
21.07.2022;4,75
22.07.2022;4,75
25.07.2022;4,75
26.07.2022;4,75
27.07.2022;4,75
28.07.2022;4,75
29.07.2022;4,75
02.08.2022;4,75
03.08.2022;4,75
04.08.2022;4,75
05.08.2022;4,75
08.08.2022;4,75
09.08.2022;4,75
10.08.2022;4,75
11.08.2022;4,75
12.08.2022;4,75
15.08.2022;4,75
16.08.2022;4,75
17.08.2022;4,75
18.08.2022;4,75
19.08.2022;4,75
22.08.2022;4,75
23.08.2022;4,75
24.08.2022;5,50
25.08.2022;5,50
26.08.2022;5,50
29.08.2022;5,50
30.08.2022;5,50
31.08.2022;5,50
01.09.2022;5,50
02.09.2022;5,50
05.09.2022;5,50
06.09.2022;5,50
07.09.2022;5,50
08.09.2022;5,50
09.09.2022;5,50
12.09.2022;5,50
13.09.2022;5,50
14.09.2022;5,50
15.09.2022;5,50
16.09.2022;5,50
19.09.2022;5,50
20.09.2022;5,50
21.09.2022;5,50
22.09.2022;5,50
23.09.2022;5,50
26.09.2022;5,50
27.09.2022;5,50
28.09.2022;5,50
29.09.2022;5,50
30.09.2022;5,50
03.10.2022;5,50
04.10.2022;5,50
05.10.2022;5,75
06.10.2022;5,75
07.10.2022;5,75
10.10.2022;5,75
11.10.2022;5,75
12.10.2022;5,75
13.10.2022;5,75
14.10.2022;5,75
17.10.2022;5,75
18.10.2022;5,75
19.10.2022;5,75
20.10.2022;5,75
21.10.2022;5,75
24.10.2022;5,75
25.10.2022;5,75
26.10.2022;5,75
27.10.2022;5,75
28.10.2022;5,75
31.10.2022;5,75
01.11.2022;5,75
02.11.2022;5,75
03.11.2022;5,75
04.11.2022;5,75
07.11.2022;5,75
08.11.2022;5,75
09.11.2022;5,75
10.11.2022;5,75
11.11.2022;5,75
14.11.2022;5,75
15.11.2022;5,75
16.11.2022;5,75
17.11.2022;5,75
18.11.2022;5,75
21.11.2022;5,75
22.11.2022;5,75
23.11.2022;6,00
24.11.2022;6,00
25.11.2022;6,00
28.11.2022;6,00
29.11.2022;6,00
30.11.2022;6,00
01.12.2022;6,00
02.12.2022;6,00
05.12.2022;6,00
06.12.2022;6,00
07.12.2022;6,00
08.12.2022;6,00
09.12.2022;6,00
12.12.2022;6,00
13.12.2022;6,00
14.12.2022;6,00
15.12.2022;6,00
16.12.2022;6,00
19.12.2022;6,00
20.12.2022;6,00
21.12.2022;6,00
22.12.2022;6,00
23.12.2022;6,00
27.12.2022;6,00
28.12.2022;6,00
29.12.2022;6,00
30.12.2022;6,00
02.01.2023;6,00
03.01.2023;6,00
04.01.2023;6,00
05.01.2023;6,00
06.01.2023;6,00
09.01.2023;6,00
10.01.2023;6,00
11.01.2023;6,00
12.01.2023;6,00
13.01.2023;6,00
16.01.2023;6,00
17.01.2023;6,00
18.01.2023;6,00
19.01.2023;6,00
20.01.2023;6,00
23.01.2023;6,00
24.01.2023;6,00
25.01.2023;6,00
26.01.2023;6,00
27.01.2023;6,00
30.01.2023;6,00
31.01.2023;6,00
01.02.2023;6,00
02.02.2023;6,00
03.02.2023;6,00
06.02.2023;6,00
07.02.2023;6,00
08.02.2023;6,50
09.02.2023;6,50
10.02.2023;6,50
13.02.2023;6,50
14.02.2023;6,50
15.02.2023;6,50
16.02.2023;6,50
17.02.2023;6,50
20.02.2023;6,50
21.02.2023;6,50
22.02.2023;6,50
23.02.2023;6,50
24.02.2023;6,50
27.02.2023;6,50
28.02.2023;6,50
01.03.2023;6,50
02.03.2023;6,50
03.03.2023;6,50
06.03.2023;6,50
07.03.2023;6,50
08.03.2023;6,50
09.03.2023;6,50
10.03.2023;6,50
13.03.2023;6,50
14.03.2023;6,50
15.03.2023;6,50
16.03.2023;6,50
17.03.2023;6,50
20.03.2023;6,50
21.03.2023;6,50
22.03.2023;7,50
23.03.2023;7,50
24.03.2023;7,50
27.03.2023;7,50
28.03.2023;7,50
29.03.2023;7,50
30.03.2023;7,50
31.03.2023;7,50
03.04.2023;7,50
04.04.2023;7,50
05.04.2023;7,50
11.04.2023;7,50
12.04.2023;7,50
13.04.2023;7,50
14.04.2023;7,50
17.04.2023;7,50
18.04.2023;7,50
19.04.2023;7,50
21.04.2023;7,50
24.04.2023;7,50
25.04.2023;7,50
26.04.2023;7,50
27.04.2023;7,50
28.04.2023;7,50
02.05.2023;7,50
03.05.2023;7,50
04.05.2023;7,50
05.05.2023;7,50
08.05.2023;7,50
09.05.2023;7,50
10.05.2023;7,50
11.05.2023;7,50
12.05.2023;7,50
15.05.2023;7,50
16.05.2023;7,50
17.05.2023;7,50
19.05.2023;7,50
22.05.2023;7,50
23.05.2023;7,50
24.05.2023;8,75
25.05.2023;8,75
26.05.2023;8,75
30.05.2023;8,75
31.05.2023;8,75
01.06.2023;8,75
02.06.2023;8,75
05.06.2023;8,75
06.06.2023;8,75
07.06.2023;8,75
08.06.2023;8,75
09.06.2023;8,75
12.06.2023;8,75
13.06.2023;8,75
14.06.2023;8,75
15.06.2023;8,75
16.06.2023;8,75
19.06.2023;8,75
20.06.2023;8,75
21.06.2023;8,75
22.06.2023;8,75
23.06.2023;8,75
26.06.2023;8,75
27.06.2023;8,75
28.06.2023;8,75
29.06.2023;8,75
30.06.2023;8,75
03.07.2023;8,75
04.07.2023;8,75
05.07.2023;8,75
06.07.2023;8,75
07.07.2023;8,75
10.07.2023;8,75
11.07.2023;8,75
12.07.2023;8,75
13.07.2023;8,75
14.07.2023;8,75
17.07.2023;8,75
18.07.2023;8,75
19.07.2023;8,75
20.07.2023;8,75
21.07.2023;8,75
24.07.2023;8,75
25.07.2023;8,75
26.07.2023;8,75
27.07.2023;8,75
28.07.2023;8,75
31.07.2023;8,75
01.08.2023;8,75
02.08.2023;8,75
03.08.2023;8,75
04.08.2023;8,75
08.08.2023;8,75
09.08.2023;8,75
10.08.2023;8,75
11.08.2023;8,75
14.08.2023;8,75
15.08.2023;8,75
16.08.2023;8,75
17.08.2023;8,75
18.08.2023;8,75
21.08.2023;8,75
22.08.2023;8,75
23.08.2023;9,25
24.08.2023;9,25
25.08.2023;9,25
28.08.2023;9,25
29.08.2023;9,25
30.08.2023;9,25
31.08.2023;9,25
01.09.2023;9,25
04.09.2023;9,25
05.09.2023;9,25
06.09.2023;9,25
07.09.2023;9,25
08.09.2023;9,25
11.09.2023;9,25
12.09.2023;9,25
13.09.2023;9,25
14.09.2023;9,25
15.09.2023;9,25
18.09.2023;9,25
19.09.2023;9,25
20.09.2023;9,25
21.09.2023;9,25
22.09.2023;9,25
25.09.2023;9,25
26.09.2023;9,25
27.09.2023;9,25
28.09.2023;9,25
29.09.2023;9,25
02.10.2023;9,25
03.10.2023;9,25
04.10.2023;9,25
05.10.2023;9,25
06.10.2023;9,25
09.10.2023;9,25
10.10.2023;9,25
11.10.2023;9,25
12.10.2023;9,25
13.10.2023;9,25
16.10.2023;9,25
17.10.2023;9,25
18.10.2023;9,25
19.10.2023;9,25
20.10.2023;9,25
23.10.2023;9,25
24.10.2023;9,25
25.10.2023;9,25
26.10.2023;9,25
27.10.2023;9,25
30.10.2023;9,25
31.10.2023;9,25
01.11.2023;9,25
02.11.2023;9,25
03.11.2023;9,25
06.11.2023;9,25
07.11.2023;9,25
08.11.2023;9,25
09.11.2023;9,25
10.11.2023;9,25
13.11.2023;9,25
14.11.2023;9,25
15.11.2023;9,25
16.11.2023;9,25
17.11.2023;9,25
20.11.2023;9,25
21.11.2023;9,25
22.11.2023;9,25
23.11.2023;9,25
24.11.2023;9,25
27.11.2023;9,25
28.11.2023;9,25
29.11.2023;9,25
30.11.2023;9,25
01.12.2023;9,25
04.12.2023;9,25
05.12.2023;9,25
06.12.2023;9,25
07.12.2023;9,25
08.12.2023;9,25
11.12.2023;9,25
12.12.2023;9,25
13.12.2023;9,25
14.12.2023;9,25
15.12.2023;9,25
18.12.2023;9,25
19.12.2023;9,25
20.12.2023;9,25
21.12.2023;9,25
22.12.2023;9,25
27.12.2023;9,25
28.12.2023;9,25
29.12.2023;9,25
02.01.2024;9,25
03.01.2024;9,25
04.01.2024;9,25
05.01.2024;9,25
08.01.2024;9,25
09.01.2024;9,25
10.01.2024;9,25
11.01.2024;9,25
12.01.2024;9,25
15.01.2024;9,25
16.01.2024;9,25
17.01.2024;9,25
18.01.2024;9,25
19.01.2024;9,25
22.01.2024;9,25
23.01.2024;9,25
24.01.2024;9,25
25.01.2024;9,25
26.01.2024;9,25
29.01.2024;9,25
30.01.2024;9,25
31.01.2024;9,25
01.02.2024;9,25
02.02.2024;9,25
05.02.2024;9,25
06.02.2024;9,25
07.02.2024;9,25
08.02.2024;9,25
09.02.2024;9,25
12.02.2024;9,25
13.02.2024;9,25
14.02.2024;9,25
15.02.2024;9,25
16.02.2024;9,25
19.02.2024;9,25
20.02.2024;9,25
21.02.2024;9,25
22.02.2024;9,25
23.02.2024;9,25
26.02.2024;9,25
27.02.2024;9,25
28.02.2024;9,25
29.02.2024;9,25
01.03.2024;9,25
04.03.2024;9,25
05.03.2024;9,25
06.03.2024;9,25
07.03.2024;9,25
08.03.2024;9,25
11.03.2024;9,25
12.03.2024;9,25
13.03.2024;9,25
14.03.2024;9,25
15.03.2024;9,25
18.03.2024;9,25
19.03.2024;9,25
20.03.2024;9,25
21.03.2024;9,25
22.03.2024;9,25
25.03.2024;9,25
26.03.2024;9,25
27.03.2024;9,25
02.04.2024;9,25
03.04.2024;9,25
04.04.2024;9,25
05.04.2024;9,25
08.04.2024;9,25
09.04.2024;9,25
10.04.2024;9,25
11.04.2024;9,25
12.04.2024;9,25
15.04.2024;9,25
16.04.2024;9,25
17.04.2024;9,25
18.04.2024;9,25
19.04.2024;9,25
22.04.2024;9,25
23.04.2024;9,25
24.04.2024;9,25
26.04.2024;9,25
29.04.2024;9,25
30.04.2024;9,25